Timestamp,"Do you currently work as a psychological scientist (i.e., conduct psychological research or teach psychology/psychological science at a university or research institute)? ",What is your highest completed university-level education in psychology/psychological science? ,Which option best describes the subfield you currently work in most of the time?,1. How common is this phenomenon in your subfield today?,1. How common is this phenomenon in psychological science in general today?,"1. If this occurs, how harmful is this phenomenon for psychological science?  ",2. How common is this phenomenon in your subfield today?,2. How common is this phenomenon in psychological science in general today?,"2. If this occurs, how harmful is this phenomenon for psychological science?  ",3. How common is this phenomenon in your subfield today?,3. How common is this phenomenon in psychological science in general today?,"3. If this occurs, how harmful is this phenomenon for psychological science?  ",4. How common is this phenomenon in your subfield today?,4. How common is this phenomenon in psychological science in general today?,"4. If this occurs, how harmful is this phenomenon for psychological science?  ",5. How common is this phenomenon in your subfield today?,5. How common is this phenomenon in psychological science in general today?,"5. If this occurs, how harmful is this phenomenon for psychological science?  ",6. How common is this phenomenon in your subfield today?,6. How common is this phenomenon in psychological science in general today?,"6. If this occurs, how harmful is this phenomenon for psychological science?  ",7. How common is this phenomenon in your subfield today?,7. How common is this phenomenon in psychological science in general today?,"7. If this occurs, how harmful is this phenomenon for psychological science?  ",8. How common is this phenomenon in your subfield today?,8. How common is this phenomenon in psychological science in general today?,"8. If this occurs, how harmful is this phenomenon for psychological science?  ",9. How common is this phenomenon in your subfield today?,9. How common is this phenomenon in psychological science in general today?,"9. If this occurs, how harmful is this phenomenon for psychological science?  ",How common is this phenomenon in your subfield today?,10. How common is this phenomenon in psychological science in general today?,"10. If this occurs, how harmful is this phenomenon for psychological science?  ",11. How common is this phenomenon in your subfield today?,11. How common is this phenomenon in psychological science in general today?,"11. If this occurs, how harmful is this phenomenon for psychological science?  ",12. How common is this phenomenon in your subfield today?,12. How common is this phenomenon in psychological science in general today?,"12. If this occurs, how harmful is this phenomenon for psychological science?  ",13. How common is this phenomenon in your subfield today?,13. How common is this phenomenon in psychological science in general today?,"13. If this occurs, how harmful is this phenomenon for psychological science?  ",1. To what extent do you agree that insufficient theory development contributes to this phenomenon?  ,"1. Assuming this phenomenon occurs, how large is the causal contribution of insufficient theory development?  ",2. To what extent do you agree that insufficient theory development contributes to this phenomenon?  ,"2. Assuming this phenomenon occurs, how large is the causal contribution of insufficient theory development?  ",3. To what extent do you agree that insufficient theory development contributes to this phenomenon?  ,"3. Assuming this phenomenon occurs, how large is the causal contribution of insufficient theory development?  ",4. To what extent do you agree that insufficient theory development contributes to this phenomenon?  ,"4. Assuming this phenomenon occurs, how large is the causal contribution of insufficient theory development?  ",5. To what extent do you agree that insufficient theory development contributes to this phenomenon?  ,"5. Assuming this phenomenon occurs, how large is the causal contribution of insufficient theory development?  "
2/27/2026 16:09:27,"Yes, primarily",Psychology MA/MSc or equivalent,,6.0,,,,,,,,,,,,,,,,,,,,,,,,,,,,,,,,,,,,,,,6.0,3.0,,,,,,,,
3/7/2026 12:23:00,"Yes, primarily",Psychology PhD or equivalent,Psychometrics / quantitative methods and statistics,7.0,7.0,7.0,6.0,6.0,6.0,7.0,7.0,7.0,7.0,7.0,7.0,7.0,7.0,7.0,7.0,7.0,4.0,7.0,7.0,4.0,4.0,4.0,4.0,5.0,5.0,4.0,5.0,5.0,5.0,7.0,7.0,7.0,7.0,7.0,6.0,7.0,7.0,7.0,6.0,6.0,7.0,7.0,3.0,1.0,7.0,5.0,7.0,6.0
3/10/2026 14:29:08,"Yes, primarily",Psychology PhD or equivalent,Psychometrics / quantitative methods and statistics,5.0,6.0,5.0,3.0,1.0,4.0,4.0,2.0,4.0,4.0,6.0,6.0,5.0,6.0,6.0,2.0,5.0,5.0,4.0,4.0,4.0,5.0,3.0,4.0,6.0,6.0,6.0,6.0,6.0,6.0,5.0,6.0,6.0,5.0,7.0,7.0,7.0,7.0,5.0,5.0,4.0,5.0,5.0,5.0,4.0,4.0,2.0,5.0,2.0
3/12/2026 11:56:33,"Yes, primarily",Psychology PhD or equivalent,Developmental psychology,7.0,7.0,5.0,3.0,4.0,3.0,7.0,6.0,5.0,7.0,7.0,5.0,7.0,7.0,5.0,1.0,2.0,2.0,3.0,3.0,2.0,2.0,4.0,4.0,4.0,4.0,3.0,6.0,6.0,3.0,6.0,7.0,6.0,3.0,4.0,4.0,6.0,5.0,5.0,5.0,3.0,6.0,4.0,3.0,3.0,5.0,6.0,3.0,2.0
3/12/2026 12:35:50,"Yes, primarily",Psychology BA/BSc (major) or equivalent,Clinical psychology / mental health,7.0,6.0,7.0,7.0,6.0,7.0,6.0,6.0,6.0,6.0,6.0,7.0,7.0,6.0,7.0,7.0,6.0,6.0,5.0,6.0,5.0,5.0,5.0,5.0,6.0,6.0,6.0,6.0,6.0,6.0,6.0,6.0,6.0,7.0,7.0,7.0,6.0,6.0,6.0,6.0,5.0,7.0,7.0,7.0,7.0,7.0,7.0,7.0,6.0
3/12/2026 13:22:57,"Yes, primarily",Psychology PhD or equivalent,Clinical psychology / mental health,6.0,6.0,2.0,6.0,7.0,6.0,7.0,7.0,7.0,5.0,6.0,7.0,7.0,7.0,7.0,7.0,7.0,2.0,6.0,6.0,5.0,6.0,6.0,3.0,7.0,7.0,5.0,7.0,7.0,7.0,7.0,7.0,7.0,6.0,7.0,6.0,7.0,7.0,7.0,7.0,7.0,7.0,7.0,6.0,7.0,7.0,7.0,7.0,7.0
3/12/2026 13:47:58,"Yes, primarily",Psychology MA/MSc or equivalent,Social psychology,7.0,7.0,6.0,5.0,5.0,7.0,5.0,5.0,7.0,7.0,7.0,7.0,5.0,5.0,5.0,6.0,6.0,5.0,7.0,7.0,6.0,6.0,6.0,4.0,7.0,7.0,6.0,5.0,5.0,4.0,5.0,5.0,7.0,7.0,7.0,7.0,7.0,7.0,7.0,7.0,5.0,4.0,3.0,5.0,4.0,5.0,4.0,3.0,4.0
3/12/2026 14:32:35,"Yes, primarily",Psychology MA/MSc or equivalent,Psychometrics / quantitative methods and statistics,3.0,6.0,5.0,5.0,6.0,6.0,3.0,6.0,6.0,3.0,7.0,7.0,5.0,6.0,5.0,2.0,7.0,4.0,6.0,6.0,4.0,7.0,5.0,6.0,5.0,7.0,6.0,3.0,7.0,7.0,3.0,7.0,7.0,6.0,7.0,6.0,6.0,7.0,6.0,3.0,3.0,3.0,2.0,5.0,4.0,6.0,5.0,6.0,7.0
3/12/2026 14:59:55,"Yes, primarily",Psychology PhD or equivalent,Cognitive psychology / cognitive science,2.0,5.0,7.0,6.0,7.0,7.0,7.0,5.0,3.0,5.0,7.0,7.0,7.0,7.0,7.0,4.0,4.0,4.0,5.0,4.0,5.0,1.0,3.0,4.0,7.0,6.0,7.0,7.0,7.0,7.0,7.0,7.0,7.0,7.0,7.0,7.0,7.0,7.0,7.0,7.0,5.0,7.0,6.0,6.0,6.0,7.0,7.0,7.0,7.0
3/12/2026 16:24:46,"Yes, primarily",Psychology MA/MSc or equivalent,Clinical psychology / mental health,5.0,6.0,6.0,5.0,7.0,6.0,7.0,7.0,2.0,2.0,2.0,7.0,5.0,6.0,7.0,2.0,3.0,7.0,1.0,1.0,7.0,7.0,7.0,7.0,6.0,6.0,7.0,7.0,7.0,7.0,7.0,7.0,7.0,7.0,7.0,7.0,5.0,5.0,6.0,7.0,7.0,5.0,5.0,2.0,2.0,7.0,5.0,7.0,6.0
3/12/2026 17:39:55,"Yes, primarily",Psychology PhD or equivalent,Biological psychology,2.0,7.0,7.0,2.0,7.0,7.0,3.0,6.0,6.0,4.0,6.0,6.0,3.0,6.0,6.0,2.0,5.0,5.0,4.0,4.0,4.0,6.0,6.0,6.0,6.0,6.0,6.0,6.0,6.0,6.0,3.0,6.0,6.0,6.0,6.0,6.0,5.0,6.0,6.0,3.0,5.0,3.0,5.0,3.0,5.0,5.0,6.0,5.0,2.0
3/17/2026 16:09:22,"Yes, partly",Psychology PhD or equivalent,Clinical psychology / mental health,6.0,5.0,6.0,7.0,5.0,7.0,5.0,6.0,6.0,7.0,5.0,7.0,6.0,5.0,6.0,4.0,4.0,6.0,6.0,5.0,5.0,6.0,5.0,5.0,6.0,7.0,7.0,5.0,6.0,5.0,6.0,5.0,6.0,6.0,6.0,4.0,7.0,7.0,7.0,5.0,6.0,6.0,6.0,4.0,5.0,6.0,6.0,6.0,6.0
3/17/2026 16:11:23,"Yes, primarily",Psychology MA/MSc or equivalent,Cognitive psychology / cognitive science,5.0,7.0,5.0,3.0,7.0,6.0,3.0,7.0,7.0,7.0,7.0,6.0,7.0,6.0,7.0,2.0,7.0,7.0,4.0,6.0,7.0,6.0,6.0,6.0,6.0,5.0,7.0,6.0,7.0,6.0,6.0,3.0,5.0,7.0,7.0,7.0,7.0,7.0,7.0,6.0,6.0,7.0,7.0,7.0,7.0,5.0,6.0,7.0,7.0
3/17/2026 16:15:01,"Yes, partly","Degree in another field, but psychology minor/substantial coursework",Behavioral medicine,5.0,5.0,5.0,7.0,7.0,7.0,6.0,7.0,6.0,5.0,5.0,5.0,7.0,7.0,7.0,7.0,7.0,5.0,5.0,5.0,6.0,5.0,5.0,4.0,5.0,5.0,5.0,7.0,7.0,7.0,7.0,7.0,7.0,7.0,7.0,7.0,5.0,6.0,6.0,5.0,5.0,6.0,6.0,5.0,5.0,7.0,7.0,5.0,4.0
3/17/2026 16:34:17,No,"Degree in another field, but psychology minor/substantial coursework",General / multidisciplinary,7.0,7.0,7.0,7.0,7.0,7.0,7.0,7.0,7.0,7.0,7.0,5.0,7.0,7.0,7.0,7.0,7.0,7.0,5.0,5.0,4.0,7.0,7.0,5.0,7.0,7.0,7.0,4.0,4.0,4.0,5.0,5.0,5.0,7.0,7.0,7.0,7.0,7.0,7.0,6.0,5.0,7.0,4.0,7.0,6.0,4.0,4.0,2.0,2.0
3/17/2026 17:07:08,"Yes, primarily",Psychology PhD or equivalent,Clinical psychology / mental health,2.0,2.0,3.0,2.0,2.0,3.0,3.0,3.0,3.0,1.0,1.0,3.0,3.0,4.0,4.0,1.0,1.0,1.0,,2.0,1.0,1.0,1.0,1.0,4.0,3.0,3.0,1.0,1.0,4.0,3.0,3.0,3.0,1.0,1.0,1.0,5.0,5.0,4.0,2.0,2.0,3.0,3.0,2.0,2.0,2.0,1.0,2.0,2.0
3/17/2026 17:36:04,"Yes, primarily",Psychology PhD or equivalent,General / multidisciplinary,6.0,7.0,7.0,6.0,7.0,7.0,7.0,7.0,5.0,7.0,7.0,7.0,6.0,6.0,6.0,5.0,7.0,7.0,5.0,5.0,1.0,4.0,4.0,1.0,6.0,7.0,7.0,7.0,7.0,7.0,7.0,7.0,7.0,7.0,7.0,7.0,7.0,7.0,7.0,7.0,5.0,7.0,7.0,7.0,7.0,6.0,6.0,5.0,5.0
3/17/2026 18:29:30,"Yes, primarily",Psychology PhD or equivalent,Social psychology,7.0,6.0,6.0,6.0,5.0,6.0,7.0,7.0,6.0,6.0,5.0,6.0,6.0,6.0,6.0,7.0,7.0,5.0,6.0,6.0,4.0,3.0,3.0,4.0,5.0,5.0,6.0,3.0,3.0,4.0,6.0,6.0,7.0,7.0,7.0,7.0,7.0,5.0,6.0,6.0,6.0,7.0,7.0,6.0,5.0,5.0,4.0,6.0,6.0
3/17/2026 20:09:30,"Yes, primarily",Psychology PhD or equivalent,Social psychology,7.0,7.0,5.0,4.0,4.0,4.0,7.0,6.0,6.0,7.0,6.0,6.0,6.0,6.0,6.0,7.0,7.0,7.0,4.0,4.0,4.0,3.0,4.0,4.0,5.0,5.0,6.0,5.0,5.0,5.0,7.0,7.0,7.0,5.0,5.0,5.0,6.0,6.0,5.0,3.0,3.0,6.0,4.0,5.0,4.0,6.0,4.0,5.0,5.0
3/17/2026 20:54:07,"Yes, primarily",Psychology MA/MSc or equivalent,Cognitive psychology / cognitive science,5.0,6.0,6.0,5.0,5.0,5.0,3.0,4.0,4.0,4.0,4.0,4.0,7.0,7.0,6.0,2.0,4.0,5.0,4.0,4.0,4.0,5.0,5.0,6.0,6.0,4.0,7.0,6.0,6.0,6.0,3.0,3.0,5.0,5.0,4.0,4.0,7.0,5.0,6.0,6.0,6.0,6.0,6.0,7.0,7.0,5.0,5.0,6.0,4.0
3/17/2026 20:54:47,No,Specialized as GZ-psycholoog,Clinical psychology / mental health,2.0,6.0,5.0,7.0,6.0,4.0,4.0,4.0,4.0,5.0,6.0,5.0,5.0,6.0,6.0,6.0,6.0,4.0,7.0,6.0,4.0,7.0,7.0,4.0,4.0,4.0,4.0,7.0,7.0,7.0,4.0,4.0,4.0,7.0,7.0,7.0,7.0,7.0,4.0,6.0,6.0,6.0,6.0,4.0,6.0,6.0,6.0,5.0,5.0
3/17/2026 22:45:34,"Yes, primarily",Psychology PhD or equivalent,Psychometrics / quantitative methods and statistics,2.0,7.0,5.0,2.0,7.0,6.0,5.0,7.0,6.0,5.0,6.0,5.0,5.0,5.0,6.0,6.0,6.0,6.0,1.0,6.0,4.0,7.0,4.0,7.0,2.0,5.0,7.0,,6.0,5.0,7.0,5.0,6.0,5.0,6.0,4.0,4.0,5.0,4.0,7.0,7.0,7.0,7.0,3.0,3.0,7.0,7.0,5.0,5.0
3/18/2026 0:00:28,"Yes, primarily",Psychology PhD or equivalent,Cognitive psychology / cognitive science,2.0,2.0,1.0,3.0,2.0,1.0,6.0,6.0,3.0,4.0,3.0,4.0,6.0,3.0,4.0,4.0,3.0,1.0,7.0,7.0,3.0,5.0,5.0,5.0,4.0,4.0,3.0,7.0,7.0,3.0,4.0,2.0,2.0,7.0,7.0,6.0,1.0,1.0,1.0,6.0,3.0,6.0,4.0,5.0,5.0,3.0,3.0,6.0,4.0
3/18/2026 3:05:20,"Yes, primarily",Psychology PhD or equivalent,Clinical psychology / mental health,7.0,7.0,7.0,7.0,7.0,7.0,7.0,7.0,5.0,7.0,7.0,7.0,7.0,7.0,7.0,7.0,7.0,5.0,5.0,5.0,1.0,1.0,1.0,1.0,1.0,1.0,1.0,7.0,7.0,7.0,7.0,7.0,7.0,7.0,7.0,7.0,7.0,7.0,7.0,4.0,1.0,5.0,4.0,5.0,5.0,6.0,6.0,7.0,4.0
3/18/2026 8:12:51,"Yes, partly",Psychology PhD or equivalent,Cognitive psychology / cognitive science,7.0,7.0,6.0,7.0,7.0,7.0,7.0,7.0,7.0,6.0,6.0,6.0,6.0,6.0,6.0,7.0,7.0,7.0,4.0,4.0,6.0,2.0,2.0,4.0,6.0,6.0,7.0,5.0,5.0,6.0,6.0,6.0,6.0,7.0,7.0,7.0,7.0,7.0,7.0,6.0,6.0,5.0,5.0,7.0,7.0,4.0,4.0,4.0,4.0
3/18/2026 8:29:40,No,No university-level psychology education,computational neuroscience,7.0,7.0,7.0,7.0,7.0,7.0,7.0,7.0,7.0,4.0,4.0,4.0,7.0,7.0,7.0,7.0,7.0,7.0,7.0,7.0,5.0,7.0,7.0,5.0,7.0,7.0,5.0,7.0,7.0,6.0,7.0,7.0,7.0,7.0,7.0,7.0,7.0,7.0,5.0,7.0,5.0,7.0,7.0,7.0,7.0,7.0,7.0,4.0,4.0
3/18/2026 9:03:50,"Yes, primarily",Psychology MA/MSc or equivalent,Cognitive psychology / cognitive science,6.0,4.0,6.0,2.0,5.0,7.0,2.0,3.0,7.0,4.0,5.0,7.0,2.0,6.0,6.0,3.0,4.0,6.0,5.0,7.0,3.0,3.0,5.0,4.0,2.0,2.0,5.0,2.0,5.0,6.0,6.0,6.0,7.0,3.0,6.0,7.0,6.0,6.0,5.0,4.0,3.0,5.0,6.0,6.0,6.0,6.0,6.0,6.0,5.0
3/18/2026 9:16:14,"Yes, primarily",Psychology PhD or equivalent,Cognitive psychology / cognitive science,6.0,7.0,6.0,6.0,6.0,6.0,6.0,6.0,6.0,7.0,7.0,7.0,7.0,7.0,7.0,5.0,6.0,6.0,5.0,5.0,3.0,4.0,4.0,2.0,7.0,6.0,6.0,7.0,6.0,6.0,6.0,6.0,6.0,7.0,7.0,7.0,7.0,7.0,6.0,5.0,5.0,6.0,6.0,6.0,6.0,6.0,6.0,5.0,5.0
3/18/2026 10:02:03,"Yes, primarily",Psychology PhD or equivalent,Biological psychology,7.0,7.0,5.0,6.0,6.0,6.0,3.0,3.0,6.0,7.0,7.0,7.0,7.0,7.0,7.0,4.0,4.0,4.0,5.0,5.0,4.0,5.0,5.0,4.0,7.0,7.0,5.0,5.0,6.0,6.0,6.0,7.0,6.0,2.0,4.0,5.0,7.0,7.0,7.0,4.0,4.0,7.0,6.0,2.0,3.0,6.0,5.0,2.0,3.0
3/18/2026 10:22:19,"Yes, primarily",Psychology PhD or equivalent,Developmental psychology,6.0,7.0,4.0,7.0,6.0,5.0,6.0,6.0,4.0,5.0,5.0,4.0,7.0,6.0,6.0,1.0,4.0,4.0,4.0,4.0,4.0,5.0,7.0,5.0,6.0,6.0,6.0,7.0,7.0,6.0,7.0,7.0,6.0,7.0,7.0,7.0,7.0,7.0,6.0,3.0,2.0,7.0,7.0,3.0,3.0,3.0,4.0,6.0,7.0
3/18/2026 12:07:39,"Yes, primarily",Psychology MA/MSc or equivalent,Cognitive psychology / cognitive science,3.0,5.0,5.0,4.0,5.0,6.0,4.0,6.0,6.0,4.0,6.0,7.0,5.0,5.0,6.0,4.0,6.0,5.0,4.0,5.0,3.0,4.0,6.0,6.0,6.0,5.0,6.0,4.0,4.0,4.0,6.0,7.0,6.0,6.0,7.0,7.0,7.0,7.0,7.0,4.0,4.0,4.0,3.0,2.0,2.0,5.0,3.0,2.0,2.0
3/18/2026 14:16:05,No,Psychology MA/MSc or equivalent,Psychometrics / quantitative methods and statistics,6.0,6.0,5.0,7.0,7.0,7.0,2.0,4.0,4.0,2.0,3.0,2.0,4.0,6.0,6.0,6.0,7.0,6.0,2.0,6.0,6.0,2.0,4.0,4.0,4.0,4.0,6.0,2.0,2.0,1.0,6.0,6.0,7.0,5.0,6.0,6.0,7.0,7.0,7.0,6.0,5.0,6.0,6.0,5.0,5.0,6.0,5.0,3.0,2.0
3/18/2026 14:38:02,"Yes, primarily",Psychology PhD or equivalent,Evolutionary Psychology,3.0,7.0,7.0,2.0,7.0,7.0,2.0,7.0,7.0,1.0,6.0,6.0,2.0,7.0,7.0,2.0,7.0,5.0,2.0,7.0,7.0,1.0,7.0,7.0,1.0,7.0,7.0,1.0,7.0,7.0,1.0,7.0,7.0,1.0,7.0,7.0,1.0,7.0,7.0,7.0,7.0,7.0,7.0,7.0,7.0,7.0,7.0,7.0,7.0
3/18/2026 16:09:20,"Yes, primarily",Psychology PhD or equivalent,General / multidisciplinary,5.0,5.0,6.0,5.0,5.0,6.0,5.0,6.0,6.0,5.0,6.0,6.0,5.0,6.0,7.0,3.0,6.0,7.0,4.0,4.0,5.0,5.0,5.0,6.0,4.0,5.0,6.0,5.0,7.0,7.0,5.0,6.0,7.0,6.0,7.0,7.0,4.0,6.0,6.0,5.0,4.0,6.0,6.0,5.0,5.0,6.0,6.0,6.0,6.0
3/18/2026 22:02:24,"Yes, primarily",Psychology PhD or equivalent,Personality / individual differences,6.0,6.0,6.0,6.0,6.0,6.0,7.0,6.0,6.0,7.0,7.0,7.0,7.0,7.0,7.0,7.0,7.0,7.0,7.0,7.0,7.0,5.0,5.0,6.0,5.0,6.0,6.0,6.0,7.0,7.0,7.0,7.0,7.0,7.0,7.0,7.0,7.0,7.0,7.0,6.0,6.0,6.0,6.0,4.0,5.0,4.0,4.0,4.0,4.0
3/19/2026 8:32:30,"Yes, primarily",Psychology PhD or equivalent,Cognitive psychology / cognitive science,7.0,7.0,6.0,7.0,7.0,7.0,7.0,7.0,7.0,6.0,6.0,7.0,6.0,6.0,6.0,7.0,7.0,7.0,7.0,7.0,7.0,7.0,7.0,4.0,7.0,7.0,5.0,7.0,7.0,4.0,6.0,6.0,5.0,7.0,7.0,7.0,7.0,7.0,7.0,7.0,5.0,7.0,4.0,7.0,7.0,7.0,5.0,7.0,7.0
3/19/2026 11:47:22,"Yes, primarily",Psychology PhD or equivalent,General / multidisciplinary,7.0,7.0,6.0,7.0,6.0,6.0,6.0,6.0,6.0,7.0,7.0,7.0,7.0,6.0,7.0,6.0,6.0,6.0,7.0,7.0,7.0,7.0,7.0,7.0,7.0,7.0,7.0,6.0,6.0,6.0,5.0,5.0,5.0,6.0,6.0,6.0,7.0,7.0,7.0,6.0,6.0,7.0,7.0,6.0,6.0,6.0,6.0,5.0,5.0
3/19/2026 13:18:56,"Yes, primarily",Psychology MA/MSc or equivalent,Clinical psychology / mental health,6.0,6.0,5.0,6.0,6.0,6.0,6.0,6.0,6.0,7.0,6.0,6.0,6.0,5.0,5.0,6.0,6.0,6.0,5.0,5.0,5.0,6.0,6.0,5.0,6.0,6.0,6.0,7.0,6.0,7.0,7.0,6.0,7.0,6.0,6.0,6.0,5.0,5.0,5.0,5.0,5.0,5.0,5.0,6.0,5.0,7.0,6.0,6.0,6.0
3/20/2026 2:09:54,"Yes, primarily",Psychology PhD or equivalent,Organizational psychology,7.0,6.0,6.0,7.0,6.0,7.0,7.0,7.0,2.0,7.0,7.0,6.0,5.0,4.0,7.0,7.0,7.0,5.0,4.0,5.0,4.0,2.0,3.0,1.0,4.0,4.0,4.0,7.0,7.0,7.0,5.0,7.0,7.0,4.0,4.0,2.0,7.0,7.0,6.0,2.0,2.0,5.0,5.0,5.0,5.0,6.0,6.0,4.0,4.0
3/21/2026 2:55:46,"Yes, partly",Psychology PhD or equivalent,Developmental psychology,6.0,,6.0,7.0,7.0,4.0,3.0,3.0,7.0,6.0,6.0,6.0,7.0,7.0,7.0,7.0,7.0,7.0,4.0,4.0,4.0,6.0,6.0,7.0,6.0,5.0,7.0,4.0,4.0,4.0,3.0,6.0,7.0,7.0,7.0,7.0,7.0,7.0,7.0,6.0,6.0,5.0,6.0,5.0,7.0,7.0,4.0,7.0,3.0
3/21/2026 18:36:54,No,Psychology MA/MSc or equivalent,Clinical psychology / mental health,6.0,7.0,5.0,7.0,7.0,7.0,7.0,6.0,5.0,7.0,7.0,7.0,6.0,6.0,6.0,7.0,7.0,7.0,1.0,2.0,4.0,4.0,5.0,6.0,7.0,7.0,5.0,7.0,7.0,7.0,7.0,7.0,7.0,7.0,7.0,5.0,7.0,7.0,6.0,7.0,7.0,7.0,7.0,5.0,3.0,7.0,7.0,7.0,7.0
3/23/2026 10:18:44,"Yes, primarily",Psychology PhD or equivalent,General / multidisciplinary,5.0,5.0,5.0,7.0,6.0,6.0,6.0,5.0,6.0,7.0,6.0,6.0,5.0,6.0,5.0,3.0,4.0,4.0,6.0,6.0,5.0,5.0,5.0,5.0,6.0,6.0,5.0,6.0,7.0,5.0,6.0,6.0,5.0,6.0,7.0,6.0,7.0,7.0,7.0,2.0,3.0,4.0,4.0,6.0,5.0,5.0,4.0,3.0,3.0
3/25/2026 0:22:29,No,Psychology PhD or equivalent,Psychometrics / quantitative methods and statistics,5.0,4.0,6.0,3.0,4.0,6.0,4.0,4.0,4.0,2.0,3.0,7.0,4.0,5.0,5.0,5.0,3.0,6.0,4.0,3.0,4.0,5.0,5.0,3.0,4.0,6.0,5.0,3.0,6.0,7.0,5.0,5.0,6.0,7.0,7.0,7.0,7.0,7.0,7.0,6.0,5.0,6.0,6.0,6.0,6.0,2.0,2.0,2.0,2.0
3/26/2026 7:48:48,"Yes, primarily",Psychology MA/MSc or equivalent,Social psychology,6.0,5.0,3.0,5.0,6.0,3.0,7.0,7.0,4.0,3.0,3.0,2.0,7.0,7.0,7.0,5.0,4.0,4.0,4.0,5.0,1.0,7.0,7.0,2.0,7.0,7.0,7.0,7.0,7.0,7.0,7.0,7.0,5.0,7.0,7.0,7.0,7.0,7.0,7.0,5.0,4.0,6.0,3.0,3.0,6.0,7.0,4.0,7.0,7.0
3/26/2026 14:45:01,"Yes, primarily",Psychology PhD or equivalent,Social psychology,7.0,6.0,7.0,5.0,5.0,7.0,7.0,7.0,5.0,5.0,5.0,7.0,7.0,7.0,7.0,7.0,6.0,5.0,7.0,7.0,6.0,5.0,5.0,4.0,4.0,4.0,4.0,6.0,6.0,6.0,7.0,5.0,7.0,7.0,6.0,7.0,7.0,7.0,7.0,3.0,2.0,5.0,5.0,5.0,5.0,7.0,7.0,2.0,2.0
3/26/2026 15:20:05,"Yes, primarily",Psychology PhD or equivalent,Cognitive psychology / cognitive science,6.0,7.0,5.0,4.0,5.0,6.0,5.0,6.0,5.0,5.0,5.0,5.0,7.0,7.0,7.0,5.0,6.0,5.0,5.0,5.0,5.0,7.0,5.0,5.0,5.0,6.0,6.0,7.0,7.0,7.0,7.0,7.0,7.0,5.0,5.0,5.0,7.0,7.0,6.0,4.0,5.0,6.0,6.0,5.0,5.0,5.0,5.0,6.0,6.0
3/26/2026 15:42:58,"Yes, primarily",Psychology PhD or equivalent,Social psychology,7.0,7.0,4.0,5.0,6.0,5.0,6.0,6.0,5.0,6.0,6.0,6.0,6.0,6.0,6.0,5.0,5.0,6.0,7.0,4.0,4.0,6.0,6.0,6.0,6.0,6.0,5.0,6.0,4.0,5.0,3.0,3.0,4.0,6.0,5.0,5.0,7.0,7.0,5.0,4.0,4.0,6.0,6.0,6.0,6.0,7.0,4.0,4.0,4.0
3/28/2026 13:12:49,"Yes, primarily",Psychology MA/MSc or equivalent,Psychometrics / quantitative methods and statistics,4.0,5.0,6.0,3.0,4.0,7.0,2.0,5.0,6.0,5.0,7.0,7.0,2.0,6.0,7.0,2.0,6.0,7.0,4.0,4.0,5.0,6.0,4.0,5.0,5.0,3.0,6.0,4.0,5.0,5.0,6.0,7.0,6.0,4.0,5.0,5.0,5.0,5.0,5.0,5.0,4.0,5.0,5.0,6.0,5.0,6.0,5.0,5.0,6.0
3/30/2026 23:28:10,"Yes, primarily",Psychology MA/MSc or equivalent,Organizational psychology,7.0,7.0,3.0,2.0,4.0,2.0,7.0,7.0,1.0,7.0,7.0,2.0,7.0,7.0,7.0,7.0,7.0,2.0,2.0,4.0,1.0,4.0,4.0,2.0,1.0,2.0,5.0,1.0,4.0,1.0,7.0,7.0,7.0,7.0,6.0,7.0,1.0,1.0,1.0,5.0,5.0,2.0,1.0,6.0,6.0,2.0,1.0,1.0,1.0
3/31/2026 13:17:41,"Yes, partly",Psychology PhD or equivalent,Cognitive psychology / cognitive science,5.0,6.0,5.0,7.0,5.0,5.0,3.0,5.0,5.0,7.0,5.0,6.0,6.0,4.0,4.0,2.0,3.0,5.0,3.0,3.0,1.0,7.0,5.0,4.0,5.0,5.0,4.0,3.0,4.0,6.0,4.0,4.0,7.0,7.0,6.0,7.0,6.0,4.0,4.0,7.0,3.0,7.0,6.0,3.0,5.0,7.0,7.0,7.0,3.0
3/31/2026 18:03:08,"Yes, partly",Psychology PhD or equivalent,Cognitive psychology / cognitive science,5.0,7.0,6.0,6.0,7.0,7.0,6.0,7.0,6.0,4.0,5.0,6.0,6.0,7.0,7.0,2.0,5.0,5.0,7.0,7.0,5.0,7.0,7.0,7.0,7.0,7.0,7.0,7.0,7.0,7.0,4.0,5.0,6.0,7.0,7.0,7.0,5.0,3.0,6.0,4.0,4.0,5.0,5.0,6.0,6.0,7.0,6.0,3.0,3.0
3/31/2026 23:54:28,No,Psychology PhD or equivalent,Evolutionary Psychology,4.0,4.0,4.0,2.0,6.0,6.0,4.0,5.0,5.0,5.0,6.0,6.0,5.0,5.0,5.0,4.0,4.0,2.0,5.0,6.0,6.0,5.0,7.0,6.0,3.0,6.0,6.0,2.0,6.0,6.0,3.0,4.0,4.0,3.0,5.0,4.0,2.0,6.0,6.0,5.0,5.0,5.0,6.0,3.0,2.0,6.0,6.0,4.0,4.0
4/9/2026 17:14:30,No,Psychology MA/MSc or equivalent,General / multidisciplinary,6.0,7.0,5.0,4.0,6.0,6.0,7.0,7.0,3.0,6.0,7.0,7.0,6.0,7.0,4.0,5.0,7.0,5.0,7.0,7.0,5.0,7.0,5.0,3.0,7.0,5.0,6.0,5.0,6.0,5.0,4.0,6.0,5.0,7.0,7.0,6.0,7.0,7.0,7.0,5.0,4.0,7.0,6.0,6.0,6.0,6.0,7.0,4.0,1.0
4/11/2026 7:07:32,"Yes, primarily",Psychology PhD or equivalent,Developmental psychology,7.0,6.0,7.0,7.0,7.0,6.0,5.0,5.0,6.0,6.0,5.0,5.0,7.0,6.0,7.0,2.0,4.0,7.0,7.0,7.0,6.0,5.0,5.0,6.0,7.0,7.0,7.0,7.0,7.0,7.0,7.0,7.0,7.0,7.0,7.0,7.0,7.0,7.0,7.0,7.0,6.0,7.0,7.0,7.0,6.0,7.0,7.0,5.0,5.0
4/11/2026 11:55:36,No,"Degree in another field, but psychology minor/substantial coursework",Psychometrics / quantitative methods and statistics,7.0,6.0,7.0,7.0,5.0,7.0,6.0,6.0,7.0,6.0,6.0,7.0,7.0,7.0,7.0,5.0,6.0,7.0,2.0,1.0,1.0,6.0,7.0,7.0,7.0,7.0,7.0,7.0,7.0,7.0,7.0,7.0,7.0,7.0,7.0,7.0,7.0,7.0,7.0,6.0,5.0,7.0,7.0,7.0,7.0,7.0,7.0,7.0,7.0
4/12/2026 7:16:53,"Yes, primarily",Psychology BA/BSc (major) or equivalent,Clinical psychology / mental health,5.0,7.0,6.0,6.0,7.0,7.0,7.0,7.0,4.0,4.0,6.0,4.0,4.0,7.0,5.0,2.0,6.0,4.0,7.0,7.0,7.0,2.0,2.0,7.0,4.0,6.0,7.0,5.0,7.0,6.0,7.0,7.0,7.0,7.0,7.0,7.0,7.0,7.0,7.0,5.0,6.0,5.0,6.0,7.0,6.0,7.0,4.0,4.0,4.0
4/12/2026 10:30:08,"Yes, primarily",Psychology PhD or equivalent,Cognitive psychology / cognitive science,2.0,5.0,6.0,5.0,6.0,3.0,2.0,5.0,2.0,6.0,6.0,6.0,2.0,5.0,5.0,1.0,6.0,4.0,7.0,7.0,2.0,6.0,6.0,6.0,6.0,2.0,4.0,2.0,2.0,2.0,2.0,4.0,4.0,6.0,6.0,4.0,6.0,6.0,3.0,2.0,1.0,2.0,6.0,2.0,2.0,6.0,6.0,7.0,7.0
4/13/2026 3:39:11,"Yes, primarily",Psychology PhD or equivalent,Social psychology,7.0,7.0,7.0,7.0,7.0,7.0,6.0,6.0,7.0,6.0,6.0,7.0,7.0,7.0,7.0,6.0,7.0,5.0,7.0,7.0,7.0,5.0,5.0,4.0,7.0,7.0,7.0,6.0,6.0,6.0,7.0,7.0,5.0,6.0,6.0,5.0,5.0,5.0,5.0,6.0,6.0,5.0,5.0,6.0,6.0,7.0,7.0,6.0,7.0
4/16/2026 18:32:44,"Yes, primarily",Psychology PhD or equivalent,Psychology and law,7.0,5.0,6.0,5.0,4.0,4.0,7.0,6.0,6.0,6.0,6.0,7.0,6.0,6.0,7.0,7.0,5.0,6.0,4.0,5.0,5.0,3.0,4.0,3.0,5.0,5.0,5.0,7.0,5.0,6.0,7.0,6.0,7.0,6.0,7.0,6.0,7.0,7.0,7.0,6.0,5.0,7.0,7.0,5.0,5.0,7.0,7.0,2.0,3.0
4/30/2026 16:14:13,"Yes, primarily",Psychology PhD or equivalent,General / multidisciplinary,3.0,4.0,4.0,6.0,5.0,6.0,6.0,5.0,4.0,5.0,4.0,6.0,6.0,6.0,6.0,5.0,4.0,4.0,4.0,4.0,4.0,5.0,6.0,5.0,6.0,7.0,5.0,6.0,6.0,5.0,6.0,6.0,5.0,6.0,6.0,6.0,6.0,6.0,7.0,7.0,5.0,6.0,5.0,5.0,4.0,6.0,6.0,4.0,4.0
5/15/2026 7:29:20,"Yes, primarily",Psychology PhD or equivalent,Social psychology,7.0,7.0,6.0,4.0,5.0,3.0,6.0,6.0,5.0,5.0,5.0,6.0,3.0,4.0,4.0,7.0,6.0,6.0,2.0,3.0,3.0,2.0,3.0,1.0,6.0,6.0,2.0,6.0,7.0,5.0,3.0,3.0,3.0,4.0,4.0,4.0,7.0,7.0,6.0,1.0,1.0,7.0,7.0,2.0,2.0,7.0,6.0,7.0,6.0
5/15/2026 7:37:03,"Yes, primarily",Psychology PhD or equivalent,Social psychology,6.0,6.0,5.0,5.0,5.0,5.0,7.0,7.0,5.0,4.0,4.0,6.0,5.0,5.0,6.0,7.0,7.0,4.0,7.0,7.0,3.0,5.0,5.0,4.0,6.0,6.0,4.0,7.0,7.0,5.0,7.0,7.0,5.0,3.0,3.0,5.0,7.0,7.0,5.0,6.0,4.0,7.0,7.0,7.0,7.0,5.0,5.0,5.0,5.0
5/15/2026 7:56:48,"Yes, primarily",Psychology PhD or equivalent,Social psychology,5.0,4.0,6.0,5.0,5.0,7.0,5.0,5.0,6.0,6.0,6.0,6.0,5.0,5.0,6.0,5.0,5.0,5.0,6.0,6.0,4.0,7.0,7.0,7.0,5.0,5.0,5.0,7.0,7.0,7.0,5.0,5.0,7.0,7.0,7.0,7.0,7.0,7.0,7.0,7.0,7.0,6.0,5.0,6.0,6.0,5.0,5.0,6.0,6.0
5/15/2026 7:58:00,"Yes, primarily",Psychology PhD or equivalent,Evolutionary Psychology,2.0,6.0,7.0,4.0,5.0,7.0,7.0,7.0,2.0,5.0,7.0,5.0,5.0,7.0,7.0,4.0,6.0,5.0,7.0,7.0,7.0,4.0,7.0,7.0,7.0,7.0,7.0,7.0,7.0,7.0,5.0,7.0,7.0,4.0,7.0,7.0,7.0,7.0,7.0,7.0,5.0,7.0,5.0,5.0,5.0,7.0,5.0,3.0,4.0
5/15/2026 8:07:29,"Yes, primarily",Psychology PhD or equivalent,Media psychology,7.0,6.0,6.0,7.0,6.0,6.0,7.0,7.0,6.0,6.0,5.0,6.0,4.0,4.0,4.0,7.0,6.0,4.0,5.0,5.0,5.0,6.0,6.0,5.0,6.0,6.0,6.0,5.0,6.0,4.0,7.0,7.0,7.0,6.0,6.0,6.0,5.0,5.0,4.0,5.0,5.0,6.0,6.0,6.0,6.0,5.0,6.0,5.0,7.0
5/15/2026 8:58:48,"Yes, primarily",Psychology PhD or equivalent,social psy/cognitive/metascience,6.0,6.0,5.0,3.0,3.0,,4.0,4.0,,3.0,4.0,,5.0,5.0,6.0,4.0,4.0,,6.0,6.0,2.0,4.0,4.0,,,,,7.0,5.0,6.0,5.0,5.0,4.0,3.0,4.0,4.0,,,,5.0,5.0,,,3.0,4.0,6.0,5.0,4.0,4.0
5/15/2026 9:10:01,"Yes, primarily",Psychology PhD or equivalent,Developmental psychology,5.0,6.0,6.0,6.0,5.0,6.0,4.0,5.0,6.0,5.0,5.0,6.0,6.0,6.0,6.0,7.0,7.0,7.0,5.0,5.0,6.0,6.0,6.0,6.0,5.0,5.0,6.0,5.0,5.0,5.0,6.0,6.0,7.0,6.0,6.0,6.0,5.0,6.0,7.0,6.0,6.0,5.0,6.0,5.0,5.0,5.0,6.0,7.0,7.0
5/15/2026 9:20:54,"Yes, primarily",Psychology PhD or equivalent,Evolutionary Psychology,5.0,5.0,5.0,3.0,3.0,3.0,6.0,6.0,2.0,3.0,3.0,3.0,3.0,3.0,3.0,2.0,3.0,3.0,3.0,3.0,3.0,4.0,5.0,5.0,6.0,6.0,6.0,4.0,5.0,5.0,5.0,5.0,6.0,5.0,6.0,7.0,6.0,7.0,7.0,6.0,5.0,5.0,4.0,4.0,4.0,3.0,3.0,2.0,2.0
5/15/2026 9:27:56,"Yes, primarily",Psychology PhD or equivalent,Social psychology,7.0,7.0,7.0,7.0,7.0,7.0,7.0,7.0,7.0,7.0,7.0,7.0,7.0,7.0,7.0,7.0,7.0,7.0,5.0,6.0,7.0,7.0,7.0,7.0,7.0,7.0,7.0,7.0,7.0,7.0,2.0,2.0,7.0,7.0,7.0,7.0,7.0,7.0,7.0,7.0,7.0,7.0,7.0,5.0,7.0,7.0,7.0,4.0,7.0
5/15/2026 11:11:03,"Yes, primarily",Psychology PhD or equivalent,Social psychology,6.0,6.0,7.0,7.0,7.0,7.0,7.0,7.0,6.0,5.0,5.0,7.0,7.0,7.0,7.0,6.0,6.0,7.0,7.0,7.0,5.0,4.0,4.0,4.0,,,,7.0,7.0,7.0,7.0,7.0,7.0,7.0,7.0,7.0,7.0,7.0,5.0,7.0,5.0,7.0,5.0,5.0,4.0,6.0,6.0,7.0,7.0
5/15/2026 12:38:32,"Yes, primarily",Psychology PhD or equivalent,Cognitive psychology / cognitive science,5.0,5.0,5.0,6.0,4.0,6.0,5.0,4.0,5.0,4.0,5.0,5.0,4.0,5.0,6.0,4.0,3.0,4.0,6.0,6.0,5.0,4.0,4.0,3.0,5.0,4.0,4.0,7.0,7.0,6.0,6.0,5.0,5.0,7.0,7.0,7.0,7.0,7.0,7.0,5.0,5.0,5.0,5.0,6.0,5.0,4.0,6.0,5.0,5.0
5/15/2026 13:03:02,"Yes, primarily",Psychology PhD or equivalent,Cognitive psychology / cognitive science,5.0,3.0,6.0,5.0,5.0,5.0,7.0,7.0,7.0,7.0,7.0,7.0,5.0,5.0,4.0,7.0,7.0,7.0,7.0,7.0,4.0,4.0,4.0,4.0,7.0,7.0,7.0,7.0,7.0,3.0,7.0,7.0,5.0,7.0,7.0,7.0,7.0,7.0,7.0,7.0,5.0,5.0,3.0,5.0,5.0,7.0,7.0,,
5/15/2026 13:32:07,"Yes, primarily",Psychology PhD or equivalent,Social psychology,6.0,5.0,6.0,4.0,4.0,7.0,3.0,3.0,4.0,5.0,5.0,7.0,6.0,6.0,5.0,7.0,7.0,5.0,5.0,5.0,3.0,2.0,2.0,3.0,7.0,7.0,5.0,5.0,5.0,5.0,5.0,5.0,4.0,7.0,7.0,7.0,5.0,5.0,6.0,5.0,3.0,6.0,5.0,3.0,5.0,3.0,3.0,7.0,7.0
5/15/2026 13:56:23,"Yes, primarily",Psychology PhD or equivalent,Social psychology,4.0,5.0,5.0,4.0,5.0,6.0,5.0,5.0,6.0,4.0,6.0,6.0,4.0,3.0,5.0,6.0,5.0,6.0,6.0,6.0,6.0,7.0,6.0,6.0,7.0,7.0,6.0,7.0,6.0,6.0,4.0,3.0,3.0,4.0,4.0,5.0,3.0,3.0,5.0,5.0,6.0,4.0,6.0,5.0,5.0,6.0,6.0,,
5/15/2026 14:14:20,"Yes, partly",Psychology PhD or equivalent,Cognitive psychology / cognitive science,3.0,4.0,1.0,4.0,4.0,2.0,4.0,4.0,3.0,4.0,4.0,4.0,5.0,5.0,3.0,4.0,4.0,,2.0,2.0,5.0,,5.0,5.0,4.0,5.0,6.0,6.0,6.0,6.0,5.0,6.0,4.0,7.0,7.0,7.0,6.0,5.0,5.0,3.0,3.0,3.0,3.0,5.0,5.0,4.0,6.0,4.0,7.0
5/15/2026 14:45:34,"Yes, primarily",Psychology PhD or equivalent,Biological psychology,6.0,7.0,7.0,7.0,7.0,7.0,7.0,7.0,5.0,7.0,7.0,7.0,6.0,7.0,7.0,4.0,6.0,5.0,7.0,7.0,4.0,4.0,5.0,4.0,7.0,7.0,6.0,6.0,6.0,7.0,6.0,6.0,7.0,7.0,7.0,7.0,7.0,7.0,7.0,5.0,5.0,7.0,7.0,7.0,7.0,7.0,7.0,7.0,5.0
5/15/2026 14:47:31,"Yes, primarily",Psychology PhD or equivalent,Cognitive psychology / cognitive science,6.0,6.0,4.0,5.0,5.0,4.0,5.0,5.0,5.0,5.0,5.0,4.0,5.0,5.0,5.0,5.0,5.0,3.0,4.0,4.0,4.0,4.0,4.0,4.0,4.0,4.0,4.0,3.0,3.0,3.0,4.0,4.0,4.0,7.0,7.0,7.0,6.0,6.0,6.0,5.0,5.0,5.0,5.0,5.0,5.0,5.0,5.0,5.0,5.0
5/15/2026 15:21:31,"Yes, primarily",Psychology PhD or equivalent,Developmental psychology,7.0,7.0,5.0,3.0,3.0,5.0,6.0,6.0,3.0,3.0,3.0,5.0,5.0,5.0,5.0,6.0,5.0,4.0,3.0,3.0,2.0,4.0,4.0,4.0,4.0,5.0,5.0,5.0,7.0,6.0,5.0,5.0,6.0,6.0,7.0,6.0,5.0,5.0,5.0,3.0,3.0,5.0,5.0,5.0,5.0,3.0,3.0,3.0,4.0
5/15/2026 16:15:37,"Yes, primarily",Psychology MA/MSc or equivalent,Social psychology,6.0,5.0,4.0,5.0,5.0,3.0,4.0,5.0,5.0,3.0,3.0,4.0,6.0,6.0,6.0,4.0,4.0,3.0,5.0,5.0,4.0,7.0,7.0,5.0,5.0,5.0,4.0,5.0,6.0,6.0,5.0,6.0,6.0,7.0,7.0,7.0,3.0,3.0,4.0,6.0,6.0,6.0,6.0,6.0,6.0,6.0,6.0,6.0,6.0
5/15/2026 17:15:52,"Yes, primarily",Psychology PhD or equivalent,Social psychology,5.0,5.0,4.0,6.0,6.0,5.0,3.0,4.0,5.0,5.0,5.0,6.0,5.0,5.0,7.0,6.0,5.0,4.0,4.0,4.0,4.0,6.0,5.0,4.0,6.0,6.0,6.0,7.0,7.0,7.0,5.0,6.0,7.0,6.0,6.0,7.0,6.0,6.0,7.0,5.0,4.0,6.0,4.0,4.0,5.0,6.0,5.0,4.0,3.0
5/15/2026 17:26:41,"Yes, primarily",Psychology PhD or equivalent,Social psychology,4.0,4.0,1.0,6.0,6.0,6.0,5.0,5.0,2.0,3.0,3.0,5.0,2.0,2.0,5.0,4.0,4.0,4.0,4.0,4.0,4.0,2.0,2.0,2.0,4.0,4.0,4.0,7.0,7.0,4.0,3.0,3.0,5.0,6.0,6.0,4.0,6.0,6.0,4.0,4.0,4.0,4.0,4.0,5.0,5.0,5.0,5.0,3.0,4.0
5/15/2026 17:44:31,"Yes, primarily","Degree in another field, but psychology minor/substantial coursework",Cognitive psychology / cognitive science,5.0,7.0,7.0,5.0,7.0,7.0,5.0,7.0,7.0,4.0,6.0,6.0,3.0,5.0,5.0,3.0,6.0,6.0,6.0,7.0,7.0,3.0,3.0,2.0,3.0,6.0,4.0,2.0,5.0,4.0,3.0,5.0,5.0,5.0,6.0,6.0,4.0,7.0,7.0,7.0,7.0,7.0,7.0,7.0,7.0,4.0,3.0,3.0,2.0
5/15/2026 18:56:23,"Yes, primarily",Psychology PhD or equivalent,Social psychology,6.0,5.0,4.0,5.0,5.0,6.0,5.0,5.0,5.0,6.0,6.0,7.0,4.0,4.0,5.0,,,,4.0,4.0,4.0,5.0,5.0,5.0,5.0,5.0,5.0,6.0,5.0,5.0,6.0,5.0,5.0,6.0,6.0,6.0,6.0,6.0,6.0,5.0,5.0,5.0,5.0,6.0,6.0,6.0,5.0,5.0,6.0
5/15/2026 19:41:09,"Yes, partly",Psychology PhD or equivalent,Evolutionary Psychology,4.0,7.0,6.0,3.0,7.0,6.0,5.0,7.0,3.0,4.0,5.0,7.0,3.0,5.0,6.0,5.0,6.0,3.0,7.0,1.0,4.0,3.0,2.0,4.0,5.0,6.0,4.0,2.0,7.0,7.0,3.0,6.0,7.0,6.0,7.0,5.0,5.0,7.0,6.0,6.0,5.0,4.0,5.0,3.0,5.0,6.0,7.0,5.0,7.0
5/15/2026 20:11:27,"Yes, primarily",Psychology PhD or equivalent,Cognitive psychology / cognitive science,6.0,7.0,6.0,7.0,7.0,6.0,3.0,3.0,4.0,6.0,7.0,7.0,6.0,7.0,7.0,7.0,6.0,5.0,7.0,7.0,7.0,7.0,7.0,7.0,7.0,7.0,7.0,7.0,7.0,7.0,6.0,6.0,7.0,7.0,7.0,7.0,6.0,7.0,6.0,7.0,6.0,7.0,7.0,5.0,5.0,7.0,7.0,5.0,5.0
5/16/2026 9:10:09,"Yes, primarily",Psychology MA/MSc or equivalent,Social psychology,7.0,5.0,6.0,6.0,4.0,6.0,6.0,5.0,6.0,4.0,4.0,6.0,6.0,7.0,7.0,5.0,6.0,6.0,6.0,4.0,6.0,4.0,4.0,7.0,3.0,3.0,6.0,7.0,7.0,7.0,7.0,7.0,7.0,4.0,4.0,4.0,6.0,6.0,6.0,7.0,7.0,7.0,7.0,7.0,7.0,7.0,7.0,7.0,7.0
5/16/2026 14:09:24,"Yes, primarily",Psychology PhD or equivalent,Social psychology,6.0,6.0,5.0,7.0,7.0,6.0,7.0,7.0,3.0,6.0,6.0,7.0,5.0,5.0,5.0,7.0,7.0,4.0,7.0,7.0,2.0,6.0,6.0,4.0,4.0,4.0,5.0,7.0,7.0,6.0,7.0,7.0,6.0,6.0,6.0,7.0,7.0,7.0,6.0,5.0,4.0,6.0,6.0,7.0,6.0,5.0,5.0,7.0,5.0
5/16/2026 16:28:46,"Yes, partly",Psychology MA/MSc or equivalent,Social psychology,4.0,5.0,4.0,5.0,5.0,,6.0,6.0,2.0,3.0,3.0,6.0,5.0,4.0,6.0,5.0,6.0,4.0,5.0,5.0,4.0,5.0,6.0,5.0,6.0,6.0,6.0,4.0,4.0,3.0,4.0,3.0,6.0,7.0,5.0,7.0,7.0,6.0,6.0,6.0,6.0,6.0,6.0,6.0,6.0,4.0,5.0,5.0,6.0
5/16/2026 17:00:14,"Yes, partly",Psychology PhD or equivalent,Social psychology,3.0,3.0,6.0,5.0,5.0,6.0,3.0,3.0,4.0,4.0,4.0,5.0,4.0,4.0,5.0,2.0,3.0,4.0,4.0,4.0,5.0,4.0,4.0,5.0,4.0,4.0,4.0,5.0,5.0,5.0,5.0,5.0,6.0,6.0,6.0,6.0,6.0,6.0,6.0,3.0,6.0,6.0,6.0,4.0,5.0,4.0,5.0,5.0,5.0
5/16/2026 22:21:47,"Yes, primarily",Psychology PhD or equivalent,Clinical psychology / mental health,7.0,6.0,6.0,6.0,6.0,6.0,7.0,7.0,6.0,5.0,5.0,6.0,6.0,6.0,6.0,7.0,7.0,6.0,6.0,6.0,4.0,6.0,6.0,6.0,4.0,4.0,4.0,6.0,6.0,6.0,6.0,6.0,6.0,7.0,7.0,7.0,6.0,6.0,6.0,4.0,4.0,5.0,5.0,6.0,5.0,6.0,6.0,6.0,6.0
5/17/2026 10:28:56,"Yes, primarily",Psychology PhD or equivalent,Social psychology,6.0,6.0,5.0,4.0,4.0,4.0,7.0,7.0,3.0,5.0,5.0,7.0,5.0,5.0,7.0,6.0,6.0,3.0,4.0,4.0,4.0,4.0,4.0,4.0,4.0,4.0,3.0,6.0,6.0,6.0,6.0,6.0,7.0,7.0,7.0,7.0,5.0,5.0,5.0,4.0,4.0,6.0,6.0,5.0,6.0,5.0,6.0,5.0,5.0
5/17/2026 12:19:14,"Yes, primarily",Psychology PhD or equivalent,Social psychology,3.0,3.0,5.0,5.0,6.0,6.0,2.0,4.0,5.0,6.0,6.0,7.0,3.0,2.0,4.0,6.0,6.0,4.0,6.0,7.0,5.0,2.0,2.0,1.0,4.0,4.0,3.0,5.0,6.0,3.0,7.0,7.0,7.0,7.0,,7.0,5.0,6.0,5.0,5.0,5.0,6.0,5.0,2.0,2.0,5.0,4.0,2.0,3.0
5/17/2026 19:31:45,"Yes, partly",Psychology PhD or equivalent,Organizational psychology,5.0,5.0,3.0,5.0,5.0,5.0,6.0,6.0,6.0,6.0,6.0,6.0,5.0,5.0,5.0,7.0,7.0,7.0,7.0,7.0,7.0,2.0,2.0,2.0,3.0,2.0,3.0,5.0,5.0,5.0,7.0,7.0,7.0,1.0,1.0,1.0,3.0,3.0,3.0,5.0,4.0,7.0,7.0,5.0,3.0,5.0,3.0,6.0,7.0
5/17/2026 21:40:34,"Yes, primarily",Psychology PhD or equivalent,Psychometrics / quantitative methods and statistics,6.0,7.0,7.0,4.0,5.0,5.0,4.0,4.0,4.0,6.0,5.0,6.0,7.0,7.0,7.0,4.0,4.0,4.0,2.0,4.0,2.0,7.0,6.0,7.0,5.0,5.0,5.0,7.0,7.0,7.0,4.0,5.0,6.0,7.0,7.0,7.0,7.0,6.0,7.0,5.0,5.0,6.0,6.0,4.0,4.0,5.0,5.0,3.0,3.0
5/18/2026 12:42:44,"Yes, primarily",Psychology PhD or equivalent,Organizational psychology,6.0,6.0,7.0,4.0,4.0,5.0,6.0,6.0,7.0,3.0,3.0,6.0,6.0,7.0,7.0,6.0,6.0,7.0,4.0,4.0,4.0,5.0,5.0,6.0,6.0,6.0,6.0,7.0,7.0,7.0,7.0,7.0,7.0,7.0,7.0,7.0,6.0,6.0,6.0,6.0,5.0,7.0,7.0,6.0,6.0,7.0,7.0,7.0,7.0
5/18/2026 14:55:40,No,Psychology BA/BSc (major) or equivalent,Social psychology,4.0,5.0,5.0,3.0,3.0,5.0,6.0,6.0,6.0,5.0,5.0,3.0,5.0,5.0,5.0,5.0,5.0,4.0,3.0,3.0,4.0,5.0,5.0,5.0,5.0,5.0,4.0,4.0,4.0,4.0,5.0,6.0,6.0,6.0,6.0,2.0,7.0,7.0,6.0,6.0,6.0,5.0,3.0,5.0,4.0,4.0,4.0,4.0,3.0
5/18/2026 21:52:29,"Yes, primarily",Psychology PhD or equivalent,Social psychology,7.0,6.0,7.0,7.0,6.0,7.0,7.0,6.0,7.0,7.0,6.0,7.0,6.0,6.0,7.0,7.0,4.0,7.0,7.0,7.0,7.0,7.0,5.0,7.0,7.0,7.0,7.0,7.0,6.0,7.0,7.0,7.0,7.0,7.0,7.0,7.0,7.0,7.0,7.0,7.0,7.0,7.0,7.0,3.0,4.0,7.0,6.0,7.0,7.0
5/19/2026 4:35:06,"Yes, primarily",Psychology PhD or equivalent,Social psychology,7.0,7.0,6.0,7.0,6.0,6.0,7.0,6.0,5.0,7.0,6.0,6.0,7.0,6.0,5.0,7.0,6.0,4.0,7.0,6.0,6.0,7.0,7.0,7.0,6.0,6.0,7.0,7.0,7.0,6.0,7.0,7.0,7.0,6.0,6.0,7.0,7.0,7.0,7.0,5.0,5.0,6.0,6.0,6.0,6.0,7.0,7.0,5.0,5.0
5/19/2026 16:12:20,"Yes, primarily",Psychology PhD or equivalent,Social psychology,6.0,5.0,6.0,6.0,6.0,6.0,5.0,6.0,2.0,5.0,6.0,6.0,5.0,6.0,5.0,3.0,5.0,3.0,3.0,4.0,3.0,4.0,4.0,4.0,5.0,5.0,3.0,5.0,5.0,5.0,6.0,6.0,6.0,5.0,5.0,5.0,6.0,6.0,4.0,2.0,3.0,5.0,6.0,3.0,4.0,5.0,5.0,2.0,2.0
5/19/2026 17:05:10,"Yes, primarily",Psychology PhD or equivalent,Social psychology,3.0,3.0,3.0,2.0,2.0,2.0,2.0,2.0,2.0,2.0,2.0,5.0,3.0,4.0,5.0,2.0,3.0,5.0,6.0,6.0,2.0,4.0,4.0,7.0,3.0,3.0,6.0,3.0,3.0,5.0,2.0,2.0,6.0,5.0,5.0,5.0,6.0,6.0,5.0,4.0,4.0,3.0,3.0,5.0,3.0,5.0,3.0,5.0,3.0
5/19/2026 21:51:00,"Yes, primarily",Psychology PhD or equivalent,Personality / individual differences,6.0,5.0,2.0,5.0,5.0,4.0,7.0,7.0,5.0,3.0,4.0,4.0,4.0,7.0,7.0,3.0,4.0,2.0,3.0,5.0,5.0,3.0,5.0,5.0,5.0,4.0,2.0,6.0,6.0,6.0,4.0,6.0,6.0,3.0,6.0,6.0,5.0,5.0,3.0,4.0,3.0,5.0,4.0,5.0,5.0,5.0,3.0,3.0,2.0
5/20/2026 9:56:51,"Yes, primarily",Psychology PhD or equivalent,Social psychology,5.0,5.0,7.0,7.0,7.0,7.0,5.0,5.0,7.0,6.0,6.0,7.0,6.0,6.0,6.0,6.0,4.0,2.0,2.0,4.0,1.0,7.0,6.0,7.0,7.0,4.0,6.0,7.0,6.0,7.0,7.0,7.0,7.0,7.0,7.0,7.0,7.0,7.0,7.0,5.0,5.0,7.0,7.0,7.0,7.0,7.0,7.0,1.0,1.0
5/20/2026 11:20:07,"Yes, partly",Psychology PhD or equivalent,Social psychology,5.0,5.0,4.0,5.0,6.0,4.0,4.0,5.0,4.0,3.0,4.0,4.0,6.0,7.0,5.0,7.0,7.0,5.0,6.0,6.0,4.0,5.0,6.0,5.0,5.0,5.0,4.0,6.0,6.0,5.0,4.0,5.0,5.0,7.0,7.0,5.0,6.0,7.0,5.0,5.0,4.0,5.0,4.0,5.0,5.0,4.0,4.0,4.0,4.0
5/20/2026 12:49:49,"Yes, primarily",Psychology PhD or equivalent,Organizational psychology,4.0,3.0,5.0,5.0,4.0,6.0,6.0,5.0,2.0,5.0,5.0,4.0,4.0,3.0,5.0,6.0,6.0,4.0,2.0,2.0,3.0,6.0,5.0,4.0,5.0,5.0,5.0,5.0,5.0,6.0,5.0,5.0,6.0,6.0,5.0,5.0,6.0,6.0,7.0,4.0,3.0,6.0,5.0,5.0,5.0,6.0,5.0,6.0,4.0
5/20/2026 14:08:17,"Yes, primarily",Psychology PhD or equivalent,Organizational psychology,4.0,6.0,7.0,7.0,6.0,7.0,3.0,5.0,7.0,4.0,5.0,7.0,3.0,3.0,5.0,7.0,5.0,4.0,7.0,7.0,4.0,5.0,5.0,4.0,5.0,5.0,2.0,7.0,7.0,6.0,7.0,7.0,7.0,7.0,7.0,7.0,7.0,7.0,7.0,5.0,4.0,5.0,6.0,6.0,6.0,7.0,7.0,2.0,6.0
5/20/2026 22:02:32,"Yes, primarily",Psychology BA/BSc (major) or equivalent,Social psychology,7.0,6.0,4.0,6.0,4.0,6.0,7.0,7.0,2.0,6.0,4.0,6.0,5.0,6.0,6.0,6.0,5.0,3.0,5.0,5.0,2.0,5.0,6.0,3.0,7.0,5.0,2.0,7.0,6.0,6.0,7.0,7.0,6.0,5.0,6.0,5.0,7.0,7.0,5.0,2.0,2.0,7.0,5.0,2.0,2.0,7.0,5.0,6.0,4.0
5/21/2026 23:50:49,"Yes, primarily",Psychology MA/MSc or equivalent,Social psychology,2.0,5.0,6.0,5.0,5.0,7.0,1.0,2.0,4.0,4.0,4.0,4.0,5.0,5.0,6.0,4.0,4.0,5.0,2.0,2.0,3.0,7.0,7.0,7.0,5.0,4.0,5.0,5.0,5.0,5.0,5.0,5.0,6.0,7.0,6.0,7.0,3.0,4.0,4.0,5.0,4.0,3.0,2.0,1.0,1.0,4.0,4.0,3.0,5.0
5/22/2026 6:23:37,"Yes, primarily",Psychology PhD or equivalent,Social psychology,1.0,,5.0,6.0,,4.0,4.0,,3.0,1.0,,7.0,5.0,,2.0,4.0,,4.0,7.0,,1.0,6.0,,2.0,,,,6.0,,4.0,2.0,,3.0,7.0,,7.0,7.0,,4.0,2.0,2.0,5.0,5.0,2.0,2.0,7.0,7.0,1.0,1.0
5/22/2026 7:47:22,"Yes, primarily",Psychology PhD or equivalent,Social psychology,5.0,5.0,4.0,5.0,5.0,5.0,4.0,3.0,5.0,3.0,3.0,6.0,6.0,6.0,6.0,2.0,2.0,3.0,2.0,2.0,2.0,5.0,6.0,5.0,6.0,6.0,4.0,6.0,6.0,5.0,6.0,6.0,6.0,7.0,6.0,6.0,5.0,6.0,5.0,5.0,4.0,6.0,5.0,6.0,5.0,6.0,4.0,2.0,2.0
5/22/2026 8:57:21,"Yes, primarily",Psychology MA/MSc or equivalent,Social psychology,5.0,4.0,5.0,6.0,5.0,5.0,4.0,3.0,3.0,4.0,4.0,6.0,3.0,2.0,5.0,5.0,5.0,5.0,5.0,5.0,5.0,4.0,4.0,4.0,5.0,4.0,4.0,3.0,3.0,5.0,4.0,5.0,6.0,6.0,5.0,7.0,6.0,5.0,5.0,3.0,3.0,4.0,4.0,3.0,3.0,7.0,6.0,5.0,6.0
5/22/2026 9:30:24,"Yes, primarily",Psychology PhD or equivalent,Social psychology,5.0,5.0,6.0,5.0,5.0,6.0,1.0,4.0,6.0,6.0,6.0,7.0,6.0,6.0,6.0,2.0,4.0,5.0,4.0,4.0,4.0,5.0,4.0,5.0,4.0,5.0,6.0,5.0,5.0,5.0,5.0,6.0,7.0,7.0,7.0,7.0,6.0,6.0,7.0,3.0,3.0,5.0,5.0,6.0,6.0,7.0,7.0,5.0,4.0
5/22/2026 9:31:56,"Yes, primarily",Psychology MA/MSc or equivalent,Social psychology,7.0,6.0,5.0,6.0,6.0,6.0,7.0,7.0,4.0,3.0,3.0,6.0,5.0,5.0,5.0,7.0,7.0,3.0,4.0,4.0,4.0,5.0,5.0,6.0,5.0,5.0,5.0,7.0,7.0,6.0,6.0,6.0,7.0,7.0,7.0,7.0,7.0,7.0,7.0,7.0,7.0,7.0,7.0,6.0,6.0,5.0,5.0,4.0,4.0
5/22/2026 10:24:57,"Yes, primarily",Psychology PhD or equivalent,Social psychology,7.0,7.0,7.0,5.0,5.0,7.0,7.0,6.0,3.0,4.0,3.0,5.0,7.0,7.0,7.0,7.0,5.0,3.0,6.0,7.0,4.0,7.0,7.0,7.0,5.0,6.0,5.0,7.0,7.0,7.0,6.0,6.0,5.0,7.0,7.0,7.0,6.0,6.0,7.0,6.0,5.0,5.0,5.0,6.0,6.0,6.0,7.0,6.0,7.0
5/22/2026 11:04:18,"Yes, primarily",Psychology PhD or equivalent,Social psychology,6.0,6.0,5.0,6.0,6.0,6.0,4.0,4.0,4.0,5.0,5.0,5.0,6.0,6.0,6.0,3.0,5.0,4.0,5.0,5.0,5.0,5.0,5.0,5.0,5.0,5.0,4.0,6.0,6.0,5.0,7.0,7.0,7.0,7.0,7.0,7.0,7.0,7.0,6.0,6.0,5.0,7.0,7.0,4.0,4.0,6.0,5.0,7.0,7.0
5/22/2026 11:14:19,"Yes, primarily",Psychology PhD or equivalent,Social psychology,7.0,5.0,6.0,7.0,5.0,7.0,7.0,6.0,4.0,6.0,7.0,7.0,5.0,5.0,5.0,7.0,6.0,4.0,7.0,7.0,5.0,5.0,5.0,5.0,5.0,5.0,2.0,6.0,6.0,4.0,4.0,5.0,7.0,7.0,7.0,6.0,7.0,7.0,7.0,5.0,3.0,1.0,1.0,7.0,7.0,5.0,5.0,4.0,4.0
5/22/2026 11:54:10,"Yes, primarily",Psychology PhD or equivalent,Social psychology,6.0,6.0,4.0,6.0,6.0,5.0,6.0,6.0,4.0,7.0,7.0,7.0,7.0,7.0,5.0,5.0,5.0,4.0,3.0,5.0,6.0,3.0,2.0,1.0,4.0,4.0,4.0,7.0,7.0,7.0,7.0,7.0,7.0,7.0,7.0,7.0,2.0,6.0,4.0,7.0,5.0,7.0,6.0,4.0,4.0,7.0,6.0,4.0,4.0
5/22/2026 12:06:31,"Yes, primarily",Psychology PhD or equivalent,Social psychology,6.0,5.0,5.0,7.0,5.0,5.0,7.0,6.0,4.0,6.0,5.0,5.0,7.0,6.0,7.0,6.0,5.0,4.0,7.0,7.0,6.0,7.0,7.0,7.0,6.0,5.0,4.0,7.0,7.0,7.0,7.0,7.0,7.0,7.0,6.0,7.0,7.0,7.0,7.0,6.0,7.0,6.0,7.0,5.0,5.0,7.0,6.0,5.0,4.0
5/22/2026 12:13:13,"Yes, primarily",Psychology PhD or equivalent,Social psychology,4.0,4.0,4.0,6.0,6.0,5.0,1.0,1.0,3.0,3.0,3.0,3.0,2.0,2.0,2.0,4.0,4.0,4.0,4.0,4.0,5.0,5.0,5.0,5.0,6.0,6.0,6.0,6.0,6.0,6.0,5.0,5.0,5.0,2.0,2.0,2.0,5.0,5.0,5.0,4.0,3.0,6.0,6.0,3.0,3.0,4.0,4.0,6.0,6.0
5/22/2026 12:35:28,"Yes, primarily",Psychology PhD or equivalent,Social psychology,5.0,3.0,6.0,3.0,3.0,6.0,3.0,2.0,4.0,2.0,2.0,5.0,4.0,3.0,5.0,5.0,4.0,5.0,4.0,4.0,4.0,4.0,3.0,5.0,7.0,6.0,6.0,6.0,6.0,6.0,4.0,4.0,6.0,2.0,3.0,4.0,6.0,5.0,6.0,6.0,4.0,5.0,5.0,4.0,4.0,5.0,5.0,7.0,5.0
5/22/2026 12:56:58,"Yes, primarily",Psychology MA/MSc or equivalent,Social psychology,5.0,4.0,4.0,6.0,6.0,6.0,3.0,3.0,6.0,5.0,5.0,7.0,4.0,3.0,5.0,6.0,6.0,3.0,5.0,5.0,2.0,5.0,6.0,5.0,5.0,5.0,3.0,6.0,7.0,6.0,5.0,5.0,6.0,6.0,7.0,7.0,3.0,3.0,5.0,5.0,5.0,6.0,5.0,5.0,6.0,5.0,3.0,5.0,2.0
5/22/2026 13:57:17,"Yes, primarily",Psychology PhD or equivalent,Social psychology,5.0,4.0,6.0,2.0,4.0,5.0,2.0,3.0,4.0,5.0,4.0,6.0,6.0,6.0,6.0,3.0,3.0,4.0,2.0,3.0,5.0,2.0,4.0,4.0,4.0,4.0,4.0,3.0,4.0,5.0,2.0,3.0,4.0,2.0,4.0,4.0,5.0,6.0,6.0,5.0,5.0,5.0,4.0,2.0,3.0,3.0,4.0,4.0,4.0
5/22/2026 15:04:25,"Yes, primarily",Psychology PhD or equivalent,Cognitive psychology / cognitive science,5.0,3.0,2.0,2.0,2.0,5.0,5.0,4.0,3.0,2.0,2.0,2.0,5.0,3.0,3.0,2.0,2.0,2.0,3.0,3.0,3.0,2.0,2.0,2.0,6.0,6.0,5.0,3.0,4.0,5.0,2.0,2.0,6.0,6.0,6.0,6.0,3.0,2.0,6.0,2.0,3.0,5.0,5.0,2.0,2.0,5.0,5.0,5.0,5.0
5/23/2026 2:45:40,"Yes, partly",Psychology PhD or equivalent,Cognitive psychology / cognitive science,5.0,5.0,5.0,6.0,6.0,4.0,6.0,6.0,4.0,5.0,5.0,6.0,5.0,5.0,6.0,7.0,7.0,4.0,7.0,7.0,4.0,6.0,6.0,6.0,5.0,6.0,6.0,5.0,6.0,7.0,6.0,7.0,7.0,7.0,7.0,7.0,6.0,7.0,6.0,6.0,5.0,6.0,4.0,6.0,5.0,6.0,7.0,5.0,5.0
5/23/2026 13:49:51,"Yes, primarily",Psychology PhD or equivalent,Social psychology,6.0,7.0,7.0,7.0,7.0,7.0,4.0,5.0,6.0,5.0,6.0,5.0,7.0,7.0,7.0,4.0,3.0,1.0,7.0,7.0,7.0,7.0,7.0,7.0,7.0,7.0,7.0,7.0,7.0,7.0,6.0,7.0,7.0,7.0,7.0,7.0,7.0,7.0,7.0,5.0,2.0,7.0,6.0,7.0,4.0,7.0,6.0,6.0,7.0
5/24/2026 10:58:30,"Yes, primarily",Psychology PhD or equivalent,Social psychology,6.0,5.0,5.0,7.0,5.0,4.0,7.0,7.0,1.0,5.0,5.0,5.0,6.0,6.0,6.0,7.0,7.0,1.0,7.0,7.0,1.0,5.0,6.0,5.0,7.0,7.0,1.0,7.0,7.0,6.0,7.0,7.0,5.0,7.0,7.0,6.0,7.0,7.0,4.0,5.0,4.0,6.0,5.0,6.0,6.0,7.0,7.0,5.0,4.0
5/24/2026 16:36:10,"Yes, primarily",Psychology PhD or equivalent,Personality / individual differences,6.0,6.0,3.0,4.0,5.0,4.0,6.0,6.0,3.0,6.0,6.0,4.0,5.0,5.0,6.0,5.0,6.0,3.0,4.0,4.0,3.0,5.0,6.0,5.0,5.0,5.0,4.0,7.0,7.0,6.0,5.0,6.0,5.0,7.0,7.0,7.0,6.0,6.0,5.0,5.0,5.0,5.0,4.0,4.0,4.0,5.0,4.0,5.0,5.0
5/24/2026 17:09:56,"Yes, primarily",Psychology BA/BSc (major) or equivalent,Personality / individual differences,7.0,5.0,6.0,6.0,5.0,7.0,7.0,6.0,7.0,6.0,6.0,6.0,6.0,4.0,5.0,6.0,5.0,6.0,5.0,5.0,4.0,6.0,6.0,6.0,7.0,6.0,7.0,5.0,6.0,6.0,6.0,5.0,6.0,4.0,4.0,6.0,6.0,6.0,6.0,2.0,2.0,7.0,6.0,6.0,6.0,6.0,6.0,3.0,3.0
5/24/2026 20:44:11,"Yes, primarily",Psychology PhD or equivalent,Social psychology,7.0,6.0,6.0,7.0,6.0,5.0,7.0,6.0,6.0,7.0,6.0,5.0,6.0,5.0,5.0,7.0,7.0,4.0,7.0,7.0,4.0,6.0,6.0,5.0,6.0,6.0,5.0,7.0,7.0,6.0,7.0,7.0,5.0,7.0,7.0,6.0,6.0,6.0,4.0,2.0,2.0,5.0,4.0,4.0,5.0,4.0,4.0,1.0,1.0
5/25/2026 2:42:24,"Yes, primarily",Psychology PhD or equivalent,Behavior Analysis,2.0,7.0,7.0,3.0,7.0,7.0,1.0,6.0,5.0,2.0,6.0,7.0,2.0,7.0,7.0,2.0,5.0,5.0,3.0,6.0,4.0,4.0,7.0,7.0,3.0,4.0,7.0,5.0,5.0,3.0,1.0,6.0,7.0,4.0,7.0,5.0,6.0,7.0,7.0,7.0,7.0,7.0,2.0,7.0,7.0,7.0,7.0,2.0,4.0
5/25/2026 3:14:01,"Yes, primarily",Psychology PhD or equivalent,Developmental psychology,6.0,5.0,6.0,6.0,5.0,6.0,6.0,5.0,6.0,5.0,5.0,6.0,6.0,4.0,6.0,6.0,5.0,6.0,6.0,6.0,,4.0,4.0,1.0,6.0,5.0,5.0,6.0,6.0,6.0,6.0,5.0,6.0,4.0,5.0,5.0,6.0,6.0,4.0,5.0,5.0,6.0,5.0,6.0,6.0,5.0,5.0,3.0,2.0
5/25/2026 3:48:05,"Yes, primarily",Psychology PhD or equivalent,Cognitive psychology / cognitive science,5.0,7.0,5.0,5.0,6.0,6.0,3.0,5.0,6.0,4.0,4.0,6.0,5.0,6.0,5.0,4.0,7.0,4.0,3.0,5.0,3.0,4.0,4.0,2.0,4.0,6.0,4.0,3.0,4.0,3.0,5.0,6.0,5.0,4.0,7.0,6.0,5.0,6.0,6.0,7.0,4.0,7.0,7.0,1.0,1.0,1.0,1.0,7.0,7.0
5/25/2026 5:37:52,"Yes, partly",Psychology MA/MSc or equivalent,Personality / individual differences,5.0,5.0,5.0,5.0,5.0,5.0,4.0,7.0,3.0,7.0,6.0,5.0,3.0,5.0,5.0,4.0,2.0,4.0,4.0,4.0,2.0,4.0,6.0,4.0,5.0,5.0,3.0,6.0,6.0,5.0,5.0,5.0,5.0,2.0,2.0,3.0,7.0,7.0,7.0,3.0,2.0,5.0,5.0,5.0,4.0,4.0,3.0,2.0,1.0
5/25/2026 6:04:25,"Yes, primarily",Psychology PhD or equivalent,Personality / individual differences,6.0,6.0,5.0,6.0,5.0,4.0,5.0,4.0,4.0,5.0,6.0,5.0,6.0,6.0,3.0,4.0,4.0,4.0,4.0,3.0,3.0,5.0,4.0,5.0,5.0,6.0,6.0,6.0,6.0,7.0,7.0,6.0,6.0,7.0,7.0,7.0,7.0,7.0,5.0,6.0,6.0,5.0,5.0,5.0,5.0,6.0,5.0,3.0,3.0
5/25/2026 6:19:08,"Yes, primarily",Psychology PhD or equivalent,Developmental psychology,5.0,4.0,5.0,6.0,5.0,6.0,7.0,6.0,5.0,6.0,6.0,6.0,6.0,6.0,6.0,6.0,5.0,5.0,6.0,6.0,5.0,4.0,4.0,4.0,3.0,5.0,3.0,6.0,6.0,5.0,3.0,5.0,5.0,7.0,6.0,6.0,5.0,5.0,5.0,3.0,3.0,6.0,5.0,2.0,2.0,6.0,5.0,6.0,5.0
5/25/2026 7:33:24,"Yes, primarily",Psychology PhD or equivalent,Educational psychology / pedagogy,6.0,6.0,5.0,4.0,5.0,6.0,7.0,6.0,5.0,4.0,4.0,5.0,6.0,6.0,7.0,7.0,7.0,4.0,,,,5.0,5.0,6.0,5.0,4.0,3.0,4.0,4.0,3.0,6.0,6.0,5.0,6.0,6.0,6.0,7.0,7.0,7.0,5.0,5.0,5.0,5.0,3.0,2.0,4.0,4.0,1.0,1.0
5/25/2026 7:59:14,"Yes, partly",Psychology PhD or equivalent,Clinical psychology / mental health,2.0,5.0,5.0,2.0,4.0,6.0,3.0,3.0,3.0,4.0,5.0,5.0,6.0,5.0,6.0,4.0,4.0,4.0,6.0,4.0,4.0,7.0,5.0,6.0,7.0,7.0,7.0,7.0,5.0,6.0,5.0,2.0,4.0,6.0,6.0,6.0,6.0,4.0,5.0,7.0,5.0,5.0,5.0,4.0,4.0,7.0,5.0,5.0,4.0
5/25/2026 8:21:02,"Yes, primarily",Psychology MA/MSc or equivalent,Social psychology,6.0,7.0,5.0,5.0,6.0,6.0,4.0,5.0,4.0,5.0,6.0,5.0,7.0,7.0,7.0,3.0,4.0,5.0,5.0,5.0,3.0,6.0,6.0,6.0,4.0,5.0,5.0,6.0,7.0,6.0,5.0,6.0,6.0,5.0,6.0,6.0,4.0,6.0,6.0,7.0,5.0,6.0,5.0,2.0,3.0,5.0,6.0,5.0,6.0
5/25/2026 8:26:22,"Yes, primarily",Psychology PhD or equivalent,Social psychology,7.0,7.0,4.0,7.0,7.0,4.0,7.0,7.0,7.0,1.0,1.0,7.0,7.0,7.0,7.0,7.0,7.0,7.0,7.0,7.0,7.0,1.0,1.0,1.0,7.0,7.0,4.0,7.0,7.0,7.0,4.0,7.0,7.0,7.0,7.0,7.0,7.0,7.0,7.0,1.0,1.0,3.0,2.0,2.0,2.0,3.0,3.0,3.0,3.0
5/25/2026 8:37:38,"Yes, primarily",Psychology PhD or equivalent,Cognitive psychology / cognitive science,7.0,7.0,7.0,7.0,7.0,7.0,6.0,6.0,7.0,5.0,6.0,7.0,7.0,7.0,7.0,5.0,7.0,7.0,6.0,7.0,7.0,5.0,5.0,5.0,5.0,6.0,7.0,7.0,7.0,7.0,6.0,7.0,7.0,7.0,7.0,7.0,7.0,7.0,7.0,7.0,7.0,7.0,7.0,6.0,6.0,7.0,7.0,5.0,6.0
5/25/2026 9:09:07,No,Psychology BA/BSc (major) or equivalent,Clinical psychology / mental health,7.0,7.0,5.0,6.0,6.0,6.0,5.0,5.0,6.0,6.0,7.0,6.0,7.0,7.0,7.0,7.0,6.0,4.0,7.0,7.0,7.0,4.0,4.0,3.0,6.0,7.0,7.0,7.0,7.0,7.0,5.0,6.0,6.0,4.0,4.0,6.0,7.0,7.0,7.0,2.0,2.0,6.0,6.0,6.0,5.0,6.0,6.0,3.0,3.0
5/25/2026 9:37:12,"Yes, primarily",Psychology PhD or equivalent,Developmental psychology,4.0,4.0,4.0,6.0,5.0,6.0,6.0,6.0,5.0,3.0,3.0,7.0,2.0,3.0,6.0,5.0,4.0,3.0,7.0,7.0,3.0,6.0,6.0,4.0,5.0,5.0,4.0,3.0,3.0,5.0,5.0,5.0,5.0,7.0,7.0,7.0,7.0,7.0,7.0,2.0,3.0,6.0,6.0,3.0,6.0,4.0,3.0,2.0,5.0
5/25/2026 10:05:30,"Yes, primarily",Psychology MA/MSc or equivalent,Social psychology,6.0,6.0,6.0,7.0,6.0,6.0,7.0,3.0,3.0,7.0,7.0,5.0,6.0,5.0,6.0,4.0,5.0,3.0,6.0,6.0,4.0,7.0,5.0,3.0,6.0,5.0,5.0,7.0,5.0,6.0,7.0,7.0,7.0,7.0,7.0,7.0,7.0,7.0,5.0,5.0,4.0,7.0,7.0,7.0,6.0,6.0,5.0,4.0,6.0
5/25/2026 10:29:35,"Yes, primarily",Psychology PhD or equivalent,Personality / individual differences,5.0,5.0,6.0,6.0,6.0,6.0,4.0,4.0,5.0,6.0,6.0,6.0,6.0,6.0,6.0,4.0,4.0,4.0,6.0,6.0,6.0,4.0,4.0,4.0,4.0,4.0,4.0,7.0,7.0,7.0,6.0,6.0,7.0,6.0,6.0,7.0,7.0,7.0,7.0,6.0,5.0,6.0,6.0,6.0,6.0,6.0,6.0,6.0,6.0
5/25/2026 10:55:39,"Yes, primarily",Psychology PhD or equivalent,Cognitive psychology / cognitive science,4.0,6.0,4.0,5.0,5.0,5.0,3.0,6.0,5.0,5.0,5.0,3.0,4.0,3.0,5.0,2.0,5.0,5.0,2.0,2.0,2.0,4.0,4.0,4.0,6.0,3.0,3.0,5.0,7.0,6.0,7.0,7.0,5.0,5.0,7.0,7.0,6.0,7.0,6.0,2.0,2.0,6.0,5.0,2.0,4.0,5.0,6.0,6.0,3.0
5/25/2026 11:07:40,"Yes, primarily","Degree in another field, but psychology minor/substantial coursework",Cognitive psychology / cognitive science,6.0,5.0,5.0,3.0,4.0,5.0,5.0,6.0,3.0,3.0,4.0,5.0,4.0,4.0,6.0,6.0,7.0,3.0,6.0,4.0,2.0,7.0,3.0,4.0,3.0,3.0,5.0,6.0,6.0,4.0,7.0,5.0,5.0,7.0,5.0,6.0,6.0,6.0,5.0,3.0,6.0,6.0,6.0,7.0,6.0,6.0,6.0,5.0,3.0
5/25/2026 11:29:39,"Yes, primarily",Psychology PhD or equivalent,Clinical psychology / mental health,4.0,4.0,5.0,5.0,4.0,5.0,3.0,3.0,6.0,5.0,5.0,7.0,6.0,4.0,5.0,6.0,4.0,4.0,3.0,4.0,3.0,5.0,6.0,5.0,4.0,4.0,4.0,3.0,6.0,6.0,5.0,4.0,5.0,6.0,6.0,6.0,7.0,7.0,7.0,3.0,3.0,3.0,3.0,5.0,5.0,2.0,2.0,2.0,2.0
5/25/2026 12:00:08,"Yes, primarily",Psychology PhD or equivalent,Social psychology,6.0,6.0,3.0,7.0,7.0,7.0,7.0,7.0,7.0,7.0,7.0,7.0,2.0,2.0,3.0,4.0,4.0,5.0,2.0,2.0,3.0,5.0,5.0,6.0,5.0,5.0,4.0,7.0,7.0,5.0,6.0,6.0,5.0,7.0,7.0,6.0,7.0,7.0,7.0,3.0,3.0,5.0,5.0,4.0,4.0,3.0,3.0,4.0,4.0
5/25/2026 12:11:47,"Yes, primarily",Psychology PhD or equivalent,Biological psychology,5.0,7.0,7.0,6.0,6.0,6.0,7.0,7.0,6.0,7.0,5.0,7.0,7.0,7.0,7.0,6.0,6.0,6.0,7.0,7.0,1.0,2.0,3.0,1.0,4.0,4.0,4.0,4.0,5.0,4.0,5.0,5.0,7.0,7.0,7.0,7.0,7.0,7.0,7.0,1.0,2.0,4.0,4.0,6.0,3.0,4.0,4.0,5.0,5.0
5/25/2026 14:01:45,"Yes, primarily",Psychology PhD or equivalent,Developmental psychology,6.0,7.0,6.0,7.0,7.0,6.0,2.0,5.0,3.0,6.0,7.0,6.0,6.0,7.0,6.0,6.0,6.0,1.0,4.0,4.0,3.0,4.0,4.0,4.0,4.0,5.0,4.0,5.0,5.0,5.0,6.0,6.0,5.0,4.0,7.0,6.0,5.0,6.0,5.0,6.0,3.0,5.0,3.0,3.0,2.0,7.0,5.0,4.0,3.0
5/25/2026 14:32:57,"Yes, partly",Habilitation,Cognitive psychology / cognitive science,7.0,7.0,5.0,7.0,7.0,5.0,4.0,4.0,4.0,7.0,7.0,6.0,7.0,7.0,7.0,7.0,7.0,5.0,4.0,4.0,4.0,7.0,7.0,6.0,7.0,7.0,5.0,7.0,7.0,7.0,7.0,7.0,5.0,7.0,7.0,6.0,7.0,7.0,4.0,5.0,2.0,6.0,2.0,4.0,2.0,5.0,2.0,5.0,2.0
5/25/2026 15:03:57,"Yes, primarily",Psychology PhD or equivalent,Social psychology,5.0,5.0,3.0,6.0,6.0,2.0,7.0,7.0,6.0,6.0,6.0,6.0,6.0,6.0,5.0,5.0,6.0,5.0,4.0,4.0,4.0,7.0,7.0,5.0,7.0,7.0,6.0,5.0,5.0,6.0,5.0,6.0,5.0,7.0,7.0,7.0,7.0,7.0,6.0,5.0,5.0,5.0,4.0,5.0,5.0,5.0,5.0,5.0,6.0
5/25/2026 17:44:56,"Yes, primarily",Psychology PhD or equivalent,Cognitive psychology / cognitive science,6.0,5.0,7.0,6.0,5.0,7.0,7.0,7.0,7.0,6.0,6.0,7.0,5.0,5.0,6.0,5.0,6.0,5.0,4.0,4.0,4.0,5.0,5.0,5.0,7.0,6.0,7.0,5.0,4.0,5.0,7.0,6.0,6.0,6.0,5.0,5.0,4.0,4.0,4.0,5.0,5.0,5.0,4.0,4.0,4.0,7.0,5.0,4.0,4.0
5/25/2026 17:59:57,"Yes, primarily",Psychology PhD or equivalent,Sport psychology,5.0,4.0,6.0,6.0,3.0,4.0,6.0,3.0,4.0,7.0,5.0,6.0,5.0,4.0,5.0,7.0,3.0,3.0,7.0,7.0,1.0,7.0,5.0,6.0,3.0,3.0,4.0,6.0,3.0,5.0,7.0,5.0,7.0,2.0,2.0,5.0,7.0,7.0,5.0,4.0,2.0,7.0,7.0,6.0,5.0,4.0,3.0,3.0,2.0
5/25/2026 18:41:10,"Yes, primarily",Psychology PhD or equivalent,Social psychology,7.0,5.0,7.0,7.0,7.0,7.0,7.0,5.0,4.0,6.0,6.0,7.0,7.0,7.0,7.0,6.0,5.0,3.0,6.0,6.0,3.0,7.0,7.0,7.0,7.0,5.0,6.0,7.0,7.0,7.0,7.0,7.0,7.0,7.0,7.0,7.0,7.0,7.0,7.0,7.0,5.0,7.0,7.0,4.0,4.0,5.0,5.0,6.0,6.0
5/25/2026 19:56:20,"Yes, primarily",Psychology PhD or equivalent,Social psychology,1.0,7.0,7.0,7.0,7.0,7.0,7.0,7.0,7.0,7.0,7.0,7.0,4.0,4.0,4.0,7.0,7.0,7.0,7.0,7.0,7.0,5.0,5.0,5.0,7.0,7.0,7.0,7.0,7.0,7.0,7.0,7.0,7.0,5.0,5.0,4.0,7.0,7.0,5.0,7.0,7.0,7.0,4.0,6.0,4.0,6.0,6.0,7.0,7.0
5/25/2026 21:46:43,"Yes, primarily",Psychology PhD or equivalent,Educational psychology / pedagogy,7.0,7.0,7.0,7.0,7.0,7.0,7.0,7.0,4.0,7.0,7.0,7.0,7.0,7.0,5.0,7.0,6.0,7.0,7.0,7.0,2.0,7.0,7.0,4.0,6.0,6.0,6.0,7.0,7.0,7.0,7.0,7.0,7.0,7.0,7.0,7.0,7.0,7.0,7.0,6.0,4.0,6.0,4.0,6.0,4.0,7.0,6.0,7.0,7.0
5/25/2026 22:36:18,"Yes, primarily",Psychology PhD or equivalent,Clinical psychology / mental health,7.0,6.0,5.0,7.0,5.0,5.0,7.0,7.0,5.0,6.0,6.0,7.0,7.0,7.0,7.0,7.0,6.0,6.0,6.0,5.0,3.0,4.0,4.0,4.0,3.0,3.0,3.0,7.0,5.0,5.0,7.0,6.0,6.0,7.0,7.0,7.0,7.0,7.0,3.0,4.0,2.0,5.0,5.0,2.0,1.0,6.0,6.0,2.0,1.0
5/25/2026 22:43:39,"Yes, primarily",Psychology PhD or equivalent,Developmental psychology,6.0,6.0,6.0,6.0,5.0,7.0,4.0,5.0,5.0,5.0,5.0,6.0,6.0,6.0,6.0,2.0,3.0,4.0,5.0,4.0,4.0,5.0,6.0,7.0,5.0,6.0,5.0,5.0,6.0,5.0,5.0,5.0,6.0,7.0,7.0,7.0,5.0,6.0,6.0,6.0,5.0,6.0,6.0,6.0,5.0,5.0,5.0,4.0,4.0
5/26/2026 0:05:02,"Yes, primarily",professor,General / multidisciplinary,6.0,6.0,5.0,6.0,6.0,5.0,4.0,4.0,4.0,4.0,4.0,4.0,2.0,2.0,2.0,3.0,3.0,3.0,6.0,6.0,6.0,7.0,7.0,7.0,5.0,5.0,4.0,4.0,4.0,4.0,6.0,6.0,6.0,5.0,5.0,5.0,7.0,7.0,7.0,5.0,3.0,6.0,5.0,5.0,4.0,6.0,6.0,6.0,6.0
5/26/2026 4:24:10,"Yes, primarily",Psychology PhD or equivalent,Clinical psychology / mental health,6.0,6.0,6.0,7.0,5.0,7.0,7.0,7.0,4.0,7.0,5.0,7.0,7.0,6.0,7.0,7.0,7.0,5.0,4.0,5.0,6.0,7.0,7.0,7.0,4.0,5.0,6.0,7.0,7.0,7.0,6.0,3.0,7.0,6.0,6.0,7.0,6.0,7.0,7.0,4.0,4.0,7.0,7.0,5.0,5.0,7.0,7.0,5.0,5.0
5/26/2026 7:27:34,"Yes, primarily",Psychology PhD or equivalent,Cognitive psychology / cognitive science,5.0,7.0,1.0,7.0,7.0,1.0,4.0,7.0,1.0,7.0,7.0,1.0,4.0,4.0,1.0,4.0,7.0,1.0,4.0,4.0,1.0,7.0,7.0,1.0,7.0,7.0,1.0,1.0,1.0,1.0,1.0,1.0,1.0,7.0,7.0,1.0,7.0,7.0,1.0,4.0,4.0,1.0,1.0,4.0,4.0,4.0,4.0,2.0,2.0
5/26/2026 7:38:59,"Yes, partly",Post Doctoral ,Cognitive psychology / cognitive science,5.0,5.0,5.0,4.0,4.0,4.0,5.0,5.0,5.0,5.0,5.0,5.0,5.0,5.0,5.0,3.0,3.0,3.0,5.0,5.0,5.0,5.0,5.0,5.0,4.0,4.0,4.0,6.0,6.0,6.0,5.0,5.0,5.0,4.0,4.0,4.0,5.0,5.0,5.0,6.0,6.0,6.0,5.0,5.0,4.0,6.0,,5.0,5.0
5/26/2026 7:44:10,"Yes, primarily",Psychology PhD or equivalent,Organizational psychology,7.0,5.0,7.0,7.0,4.0,6.0,7.0,5.0,5.0,4.0,4.0,7.0,5.0,5.0,6.0,7.0,4.0,4.0,5.0,4.0,5.0,7.0,5.0,4.0,6.0,5.0,4.0,7.0,7.0,5.0,7.0,7.0,7.0,7.0,7.0,7.0,7.0,7.0,6.0,5.0,3.0,6.0,4.0,4.0,3.0,7.0,6.0,5.0,4.0
5/26/2026 8:06:43,"Yes, primarily",Psychology PhD or equivalent,Personality/individual differences (50%) and psychometrics (50%),5.0,5.0,3.0,5.0,5.0,5.0,5.0,5.0,5.0,2.0,3.0,6.0,6.0,4.0,6.0,4.0,4.0,5.0,2.0,3.0,5.0,2.0,2.0,2.0,4.0,4.0,4.0,5.0,5.0,5.0,3.0,4.0,6.0,3.0,3.0,3.0,5.0,6.0,5.0,3.0,3.0,3.0,3.0,4.0,4.0,5.0,4.0,3.0,3.0
5/26/2026 8:24:59,"Yes, primarily",Psychology PhD or equivalent,Clinical psychology / mental health,6.0,6.0,6.0,6.0,,6.0,4.0,,,7.0,,,7.0,,,7.0,,,4.0,,,5.0,,,,,,5.0,,,5.0,,,6.0,,,6.0,,,3.0,3.0,4.0,3.0,4.0,,3.0,3.0,4.0,3.0
5/26/2026 8:35:49,"Yes, primarily",Psychology PhD or equivalent,Personality / individual differences,6.0,6.0,5.0,6.0,6.0,5.0,7.0,7.0,6.0,7.0,7.0,7.0,6.0,6.0,6.0,7.0,7.0,5.0,4.0,4.0,4.0,5.0,5.0,5.0,5.0,5.0,4.0,6.0,6.0,7.0,7.0,7.0,7.0,6.0,6.0,6.0,7.0,7.0,7.0,4.0,5.0,6.0,6.0,5.0,6.0,7.0,6.0,5.0,5.0
5/26/2026 9:10:37,"Yes, primarily",Psychology PhD or equivalent,Cognitive psychology / cognitive science,6.0,7.0,5.0,5.0,5.0,5.0,6.0,7.0,3.0,6.0,6.0,6.0,6.0,7.0,7.0,4.0,7.0,4.0,6.0,6.0,5.0,4.0,4.0,4.0,6.0,6.0,6.0,7.0,7.0,7.0,7.0,7.0,7.0,7.0,7.0,5.0,7.0,7.0,7.0,3.0,3.0,6.0,4.0,6.0,6.0,7.0,7.0,5.0,5.0
5/26/2026 9:11:12,"Yes, primarily",Psychology MA/MSc or equivalent,Environmental psychology,6.0,4.0,5.0,3.0,2.0,4.0,5.0,4.0,4.0,7.0,5.0,7.0,6.0,4.0,6.0,5.0,5.0,4.0,7.0,6.0,5.0,6.0,7.0,5.0,6.0,5.0,4.0,5.0,6.0,7.0,6.0,5.0,7.0,5.0,5.0,6.0,4.0,2.0,7.0,6.0,4.0,6.0,6.0,4.0,3.0,6.0,6.0,7.0,7.0
5/26/2026 9:15:57,"Yes, primarily",Psychology MA/MSc or equivalent,Personality / individual differences,3.0,4.0,5.0,5.0,5.0,3.0,3.0,4.0,2.0,5.0,6.0,6.0,5.0,5.0,5.0,2.0,3.0,2.0,6.0,6.0,1.0,6.0,5.0,4.0,3.0,5.0,4.0,3.0,6.0,5.0,7.0,7.0,6.0,3.0,6.0,5.0,5.0,2.0,4.0,4.0,4.0,4.0,4.0,6.0,4.0,4.0,4.0,6.0,6.0
5/26/2026 9:23:15,"Yes, primarily",Psychology MA/MSc or equivalent,Psychology & Law,6.0,5.0,6.0,5.0,4.0,6.0,7.0,6.0,3.0,7.0,7.0,7.0,7.0,7.0,6.0,7.0,6.0,5.0,6.0,6.0,3.0,5.0,6.0,6.0,7.0,7.0,5.0,7.0,7.0,6.0,7.0,5.0,6.0,6.0,6.0,7.0,7.0,7.0,7.0,6.0,5.0,6.0,6.0,6.0,6.0,7.0,7.0,5.0,5.0
5/26/2026 10:09:45,"Yes, primarily",Economics PhD,Cognitive psychology / cognitive science,5.0,7.0,6.0,5.0,6.0,7.0,5.0,6.0,4.0,6.0,6.0,7.0,5.0,6.0,6.0,2.0,4.0,4.0,7.0,7.0,5.0,7.0,4.0,6.0,6.0,5.0,5.0,7.0,7.0,6.0,4.0,6.0,5.0,4.0,4.0,4.0,5.0,5.0,5.0,7.0,7.0,7.0,7.0,3.0,4.0,4.0,4.0,5.0,4.0
5/26/2026 10:16:18,"Yes, primarily",Psychology PhD or equivalent,engineering psychology/human factors,3.0,4.0,4.0,6.0,6.0,6.0,4.0,3.0,6.0,6.0,6.0,6.0,6.0,5.0,6.0,4.0,6.0,5.0,3.0,3.0,3.0,5.0,5.0,5.0,4.0,4.0,4.0,6.0,6.0,6.0,5.0,6.0,6.0,7.0,7.0,7.0,7.0,7.0,7.0,6.0,4.0,5.0,3.0,6.0,5.0,7.0,5.0,4.0,3.0
5/26/2026 10:19:50,"Yes, primarily",Psychology PhD or equivalent,Clinical psychology / mental health,6.0,5.0,6.0,5.0,,5.0,7.0,,5.0,7.0,,7.0,7.0,,7.0,,,,7.0,,3.0,2.0,,,,,,7.0,,7.0,7.0,,7.0,5.0,,6.0,7.0,,6.0,6.0,6.0,5.0,5.0,4.0,4.0,6.0,6.0,2.0,2.0
5/26/2026 10:23:07,"Yes, primarily",Psychology MA/MSc or equivalent,Social psychology,5.0,5.0,5.0,5.0,5.0,5.0,6.0,6.0,5.0,5.0,5.0,5.0,5.0,5.0,5.0,6.0,6.0,5.0,5.0,5.0,4.0,4.0,4.0,4.0,4.0,4.0,4.0,5.0,5.0,5.0,5.0,5.0,5.0,5.0,5.0,5.0,5.0,5.0,5.0,5.0,5.0,5.0,5.0,5.0,5.0,5.0,5.0,5.0,5.0
5/26/2026 10:23:31,"Yes, primarily",Psychology PhD or equivalent,Developmental psychology,3.0,5.0,6.0,4.0,5.0,6.0,2.0,3.0,4.0,6.0,6.0,6.0,2.0,3.0,5.0,5.0,4.0,5.0,4.0,4.0,5.0,5.0,6.0,5.0,5.0,5.0,5.0,2.0,3.0,4.0,5.0,5.0,5.0,7.0,7.0,7.0,6.0,6.0,6.0,5.0,4.0,5.0,5.0,3.0,4.0,5.0,6.0,3.0,3.0
5/26/2026 10:31:09,"Yes, primarily",Psychology PhD or equivalent,Cognitive psychology / cognitive science,4.0,4.0,2.0,4.0,6.0,7.0,5.0,3.0,1.0,6.0,6.0,3.0,6.0,7.0,5.0,3.0,4.0,1.0,4.0,5.0,4.0,6.0,7.0,6.0,4.0,4.0,7.0,5.0,6.0,5.0,5.0,6.0,5.0,4.0,5.0,7.0,6.0,7.0,7.0,6.0,7.0,6.0,7.0,6.0,6.0,7.0,7.0,7.0,7.0
5/26/2026 10:36:55,"Yes, primarily",Psychology PhD or equivalent,Social psychology,6.0,7.0,7.0,2.0,2.0,2.0,4.0,4.0,4.0,3.0,6.0,7.0,6.0,6.0,7.0,5.0,5.0,2.0,2.0,6.0,3.0,7.0,7.0,2.0,6.0,6.0,7.0,6.0,6.0,2.0,2.0,2.0,4.0,1.0,1.0,1.0,7.0,7.0,7.0,6.0,6.0,6.0,5.0,3.0,5.0,5.0,5.0,6.0,6.0
5/26/2026 10:37:08,"Yes, primarily",Psychology MA/MSc or equivalent,Clinical psychology / mental health,6.0,4.0,6.0,7.0,4.0,6.0,7.0,4.0,3.0,4.0,2.0,5.0,7.0,4.0,7.0,7.0,5.0,2.0,5.0,4.0,2.0,7.0,4.0,7.0,,,,7.0,4.0,6.0,4.0,3.0,2.0,7.0,5.0,7.0,,,,5.0,3.0,5.0,6.0,6.0,6.0,2.0,3.0,7.0,7.0
5/26/2026 10:55:27,"Yes, primarily",Psychology PhD or equivalent,Educational psychology / pedagogy,6.0,6.0,5.0,6.0,5.0,6.0,7.0,6.0,7.0,6.0,6.0,7.0,7.0,5.0,6.0,5.0,4.0,5.0,5.0,5.0,4.0,4.0,4.0,3.0,6.0,5.0,6.0,5.0,4.0,6.0,6.0,6.0,7.0,7.0,7.0,7.0,5.0,5.0,6.0,6.0,6.0,6.0,6.0,5.0,6.0,6.0,5.0,7.0,6.0
5/26/2026 10:58:31,"Yes, primarily",Psychology PhD or equivalent,Educational psychology / pedagogy,5.0,6.0,4.0,6.0,5.0,6.0,4.0,3.0,6.0,4.0,4.0,5.0,6.0,5.0,6.0,5.0,4.0,4.0,6.0,6.0,3.0,5.0,5.0,5.0,4.0,6.0,5.0,6.0,7.0,6.0,5.0,5.0,5.0,6.0,7.0,6.0,6.0,4.0,5.0,5.0,5.0,6.0,4.0,3.0,3.0,6.0,4.0,5.0,4.0
5/26/2026 11:10:09,"Yes, primarily",Psychology PhD or equivalent,Social psychology,6.0,6.0,6.0,5.0,5.0,6.0,4.0,4.0,4.0,5.0,5.0,5.0,4.0,4.0,6.0,4.0,4.0,4.0,4.0,4.0,4.0,5.0,5.0,6.0,5.0,5.0,5.0,6.0,5.0,5.0,5.0,5.0,6.0,3.0,4.0,5.0,6.0,6.0,6.0,6.0,6.0,6.0,6.0,6.0,6.0,6.0,6.0,4.0,4.0
5/26/2026 11:14:35,"Yes, primarily",doctorate and habilitation in psychology,Educational psychology / pedagogy,7.0,7.0,7.0,5.0,5.0,7.0,3.0,3.0,7.0,7.0,7.0,7.0,6.0,6.0,7.0,7.0,6.0,4.0,7.0,7.0,3.0,7.0,7.0,6.0,7.0,7.0,5.0,6.0,7.0,7.0,7.0,7.0,7.0,7.0,7.0,7.0,7.0,7.0,7.0,3.0,4.0,3.0,4.0,5.0,5.0,5.0,5.0,5.0,5.0
5/26/2026 11:28:44,"Yes, primarily",Psychology PhD or equivalent,Cognitive psychology / cognitive science,4.0,5.0,4.0,4.0,4.0,4.0,4.0,4.0,4.0,4.0,4.0,4.0,4.0,4.0,4.0,6.0,2.0,4.0,4.0,4.0,4.0,4.0,4.0,4.0,4.0,4.0,4.0,4.0,4.0,4.0,4.0,4.0,4.0,4.0,4.0,4.0,4.0,4.0,4.0,4.0,4.0,4.0,4.0,4.0,4.0,4.0,4.0,4.0,4.0
5/26/2026 11:52:39,"Yes, primarily",Psychology PhD or equivalent,Clinical psychology / mental health,6.0,4.0,5.0,4.0,3.0,4.0,7.0,6.0,5.0,6.0,5.0,5.0,6.0,5.0,6.0,7.0,6.0,3.0,7.0,6.0,2.0,5.0,5.0,4.0,7.0,6.0,5.0,7.0,6.0,6.0,6.0,6.0,5.0,7.0,7.0,6.0,6.0,6.0,5.0,5.0,5.0,4.0,2.0,6.0,6.0,5.0,4.0,3.0,3.0
5/26/2026 12:18:19,"Yes, primarily",Psychology PhD or equivalent,Cognitive psychology / cognitive science,1.0,1.0,1.0,1.0,1.0,1.0,1.0,1.0,1.0,7.0,7.0,1.0,4.0,4.0,4.0,4.0,4.0,1.0,4.0,4.0,1.0,4.0,4.0,1.0,4.0,4.0,1.0,7.0,7.0,7.0,4.0,4.0,1.0,1.0,1.0,1.0,1.0,1.0,1.0,1.0,1.0,1.0,1.0,1.0,1.0,1.0,1.0,1.0,1.0
5/26/2026 12:24:44,"Yes, primarily",Psychology PhD or equivalent,Social psychology,6.0,5.0,5.0,3.0,4.0,6.0,6.0,6.0,3.0,5.0,5.0,4.0,7.0,6.0,6.0,5.0,6.0,3.0,7.0,7.0,3.0,6.0,7.0,5.0,7.0,7.0,5.0,6.0,6.0,5.0,5.0,6.0,4.0,6.0,6.0,5.0,7.0,7.0,7.0,3.0,5.0,5.0,6.0,4.0,7.0,4.0,5.0,6.0,6.0
5/26/2026 13:12:24,"Yes, primarily",Psychology PhD or equivalent,Developmental psychology,6.0,6.0,6.0,6.0,6.0,6.0,4.0,4.0,4.0,6.0,6.0,6.0,6.0,6.0,6.0,3.0,4.0,4.0,6.0,6.0,6.0,6.0,6.0,6.0,6.0,6.0,6.0,6.0,6.0,6.0,6.0,6.0,6.0,6.0,6.0,6.0,6.0,6.0,6.0,5.0,4.0,6.0,6.0,6.0,6.0,6.0,6.0,6.0,6.0
5/26/2026 13:15:05,"Yes, partly",Psychology PhD or equivalent,Clinical psychology / mental health,5.0,6.0,1.0,6.0,6.0,1.0,7.0,7.0,1.0,5.0,5.0,2.0,5.0,5.0,5.0,5.0,6.0,1.0,6.0,6.0,1.0,5.0,5.0,6.0,5.0,5.0,6.0,7.0,6.0,5.0,7.0,7.0,2.0,7.0,7.0,7.0,7.0,7.0,7.0,7.0,7.0,3.0,3.0,6.0,7.0,6.0,7.0,3.0,5.0
5/26/2026 13:34:21,"Yes, primarily",Psychology MA/MSc or equivalent,environmental psychology,6.0,5.0,7.0,2.0,6.0,7.0,7.0,4.0,4.0,5.0,6.0,7.0,6.0,5.0,7.0,2.0,3.0,7.0,4.0,3.0,2.0,5.0,7.0,6.0,5.0,5.0,5.0,5.0,6.0,7.0,4.0,6.0,7.0,5.0,6.0,6.0,7.0,7.0,7.0,6.0,5.0,7.0,7.0,5.0,5.0,7.0,7.0,5.0,6.0
5/26/2026 13:48:40,"Yes, partly",Psychology MA/MSc or equivalent,Social psychology,4.0,4.0,2.0,6.0,6.0,6.0,6.0,6.0,2.0,5.0,5.0,7.0,5.0,5.0,6.0,6.0,5.0,1.0,6.0,6.0,1.0,7.0,7.0,6.0,6.0,6.0,4.0,6.0,6.0,5.0,5.0,5.0,5.0,7.0,7.0,7.0,6.0,6.0,6.0,5.0,4.0,7.0,7.0,5.0,5.0,7.0,7.0,4.0,2.0
5/26/2026 14:26:14,"Yes, primarily",Psychology PhD or equivalent,Educational psychology / pedagogy,7.0,6.0,6.0,6.0,5.0,6.0,7.0,5.0,6.0,7.0,6.0,7.0,7.0,6.0,5.0,7.0,5.0,6.0,5.0,5.0,6.0,7.0,6.0,6.0,6.0,6.0,6.0,7.0,7.0,7.0,7.0,7.0,6.0,6.0,6.0,7.0,7.0,7.0,7.0,5.0,5.0,7.0,7.0,7.0,7.0,6.0,6.0,6.0,6.0
5/26/2026 14:37:07,"Yes, primarily",Psychology PhD or equivalent,Psychometrics / quantitative methods and statistics,4.0,7.0,7.0,3.0,7.0,7.0,3.0,7.0,5.0,4.0,6.0,6.0,5.0,6.0,6.0,1.0,6.0,4.0,7.0,7.0,3.0,7.0,6.0,6.0,6.0,6.0,6.0,5.0,6.0,4.0,2.0,4.0,5.0,7.0,7.0,7.0,7.0,7.0,7.0,6.0,6.0,6.0,6.0,5.0,5.0,6.0,6.0,6.0,7.0
5/26/2026 14:52:36,"Yes, primarily","Degree in another field, but psychology minor/substantial coursework",Educational psychology / pedagogy,5.0,3.0,5.0,6.0,5.0,5.0,3.0,3.0,6.0,6.0,4.0,5.0,5.0,4.0,7.0,,,,7.0,7.0,3.0,6.0,5.0,5.0,5.0,5.0,4.0,7.0,3.0,6.0,6.0,6.0,5.0,6.0,6.0,7.0,6.0,6.0,5.0,6.0,4.0,6.0,4.0,5.0,4.0,5.0,4.0,4.0,4.0
5/26/2026 15:43:27,"Yes, primarily",Psychology PhD or equivalent,General / multidisciplinary,5.0,4.0,2.0,3.0,2.0,2.0,4.0,3.0,2.0,6.0,5.0,7.0,4.0,3.0,6.0,3.0,2.0,2.0,6.0,5.0,2.0,6.0,6.0,3.0,6.0,6.0,2.0,5.0,6.0,2.0,7.0,7.0,4.0,7.0,7.0,7.0,5.0,5.0,2.0,5.0,3.0,5.0,3.0,2.0,2.0,6.0,4.0,6.0,4.0
5/26/2026 15:45:42,"Yes, primarily",Psychology PhD or equivalent,Psychometrics / quantitative methods and statistics,1.0,4.0,6.0,1.0,5.0,6.0,1.0,5.0,5.0,2.0,4.0,6.0,1.0,4.0,6.0,1.0,4.0,6.0,2.0,2.0,5.0,2.0,4.0,5.0,2.0,5.0,5.0,3.0,3.0,5.0,5.0,5.0,6.0,2.0,6.0,5.0,3.0,5.0,6.0,5.0,5.0,5.0,6.0,6.0,4.0,4.0,4.0,2.0,6.0
5/26/2026 16:27:19,"Yes, primarily",Psychology PhD or equivalent,Social psychology,6.0,5.0,4.0,6.0,6.0,5.0,6.0,6.0,5.0,5.0,5.0,6.0,3.0,4.0,7.0,1.0,1.0,4.0,1.0,1.0,2.0,4.0,4.0,4.0,6.0,6.0,6.0,4.0,4.0,5.0,6.0,6.0,6.0,3.0,3.0,5.0,7.0,7.0,5.0,,3.0,6.0,4.0,6.0,6.0,6.0,6.0,2.0,2.0
5/26/2026 16:30:24,"Yes, primarily",Psychology PhD or equivalent,Educational psychology / pedagogy,3.0,3.0,6.0,3.0,3.0,7.0,4.0,3.0,6.0,5.0,5.0,7.0,4.0,3.0,7.0,2.0,2.0,6.0,6.0,6.0,2.0,5.0,6.0,6.0,4.0,5.0,6.0,4.0,4.0,6.0,3.0,3.0,7.0,4.0,4.0,4.0,6.0,6.0,7.0,6.0,5.0,5.0,4.0,3.0,2.0,6.0,1.0,5.0,4.0
5/26/2026 16:42:47,"Yes, primarily",Psychology PhD or equivalent,Cognitive psychology / cognitive science,5.0,6.0,5.0,6.0,6.0,6.0,5.0,7.0,6.0,6.0,6.0,5.0,7.0,6.0,6.0,6.0,6.0,3.0,4.0,3.0,5.0,6.0,5.0,7.0,6.0,7.0,4.0,6.0,6.0,5.0,2.0,3.0,6.0,4.0,5.0,6.0,6.0,5.0,6.0,5.0,4.0,6.0,5.0,5.0,6.0,6.0,6.0,3.0,3.0
5/26/2026 19:18:24,"Yes, primarily",Psychology PhD or equivalent,Social psychology,6.0,6.0,6.0,6.0,6.0,6.0,6.0,4.0,6.0,5.0,3.0,5.0,7.0,5.0,6.0,7.0,4.0,4.0,7.0,6.0,2.0,7.0,6.0,7.0,5.0,5.0,6.0,7.0,7.0,5.0,4.0,4.0,6.0,5.0,5.0,5.0,7.0,7.0,7.0,7.0,7.0,7.0,6.0,6.0,5.0,4.0,4.0,4.0,4.0
5/27/2026 10:38:15,"Yes, primarily",Psychology PhD or equivalent,General / multidisciplinary,4.0,3.0,5.0,6.0,5.0,6.0,7.0,5.0,5.0,6.0,5.0,7.0,2.0,4.0,6.0,2.0,3.0,3.0,4.0,4.0,5.0,5.0,6.0,6.0,6.0,6.0,6.0,7.0,6.0,6.0,7.0,7.0,6.0,3.0,4.0,5.0,6.0,6.0,6.0,2.0,3.0,5.0,6.0,5.0,6.0,6.0,5.0,2.0,7.0
5/27/2026 10:38:48,"Yes, primarily",Psychology PhD or equivalent,Organizational psychology,5.0,4.0,4.0,5.0,4.0,4.0,5.0,4.0,4.0,6.0,4.0,4.0,6.0,4.0,4.0,5.0,4.0,4.0,6.0,4.0,4.0,5.0,4.0,4.0,6.0,4.0,4.0,7.0,4.0,4.0,6.0,4.0,4.0,7.0,5.0,6.0,7.0,5.0,7.0,5.0,5.0,6.0,5.0,5.0,5.0,6.0,5.0,6.0,4.0
5/27/2026 10:55:19,"Yes, primarily",Psychology PhD or equivalent,Social psychology,7.0,6.0,6.0,7.0,6.0,6.0,4.0,4.0,4.0,5.0,4.0,5.0,7.0,6.0,6.0,7.0,7.0,3.0,7.0,7.0,3.0,5.0,5.0,5.0,5.0,5.0,5.0,7.0,6.0,6.0,6.0,5.0,5.0,6.0,6.0,6.0,6.0,6.0,6.0,6.0,5.0,5.0,4.0,4.0,3.0,6.0,5.0,5.0,3.0
5/27/2026 11:21:36,"Yes, primarily",Psychology PhD or equivalent,Personality / individual differences,7.0,6.0,6.0,7.0,6.0,6.0,7.0,6.0,6.0,7.0,7.0,7.0,6.0,5.0,5.0,6.0,6.0,6.0,5.0,5.0,5.0,6.0,6.0,5.0,6.0,5.0,5.0,6.0,6.0,6.0,6.0,6.0,6.0,7.0,7.0,7.0,6.0,6.0,6.0,5.0,5.0,5.0,5.0,5.0,5.0,5.0,5.0,5.0,5.0
5/27/2026 11:46:00,"Yes, partly",Psychology PhD or equivalent,General / multidisciplinary,3.0,3.0,4.0,3.0,5.0,6.0,6.0,5.0,2.0,5.0,5.0,7.0,6.0,,6.0,7.0,5.0,3.0,4.0,,2.0,5.0,,5.0,4.0,,5.0,7.0,7.0,7.0,6.0,5.0,7.0,6.0,6.0,6.0,6.0,6.0,6.0,6.0,5.0,5.0,6.0,6.0,6.0,6.0,5.0,5.0,4.0
5/27/2026 13:48:51,"Yes, primarily",habil,Cognitive psychology / cognitive science,5.0,7.0,7.0,4.0,6.0,7.0,5.0,6.0,7.0,6.0,7.0,7.0,6.0,7.0,7.0,4.0,7.0,7.0,6.0,6.0,3.0,4.0,4.0,5.0,4.0,6.0,6.0,6.0,7.0,7.0,6.0,7.0,7.0,6.0,7.0,7.0,5.0,6.0,7.0,5.0,5.0,7.0,7.0,7.0,7.0,4.0,4.0,6.0,6.0
5/27/2026 17:28:17,"Yes, primarily",Psychology PhD or equivalent,Psychometrics / quantitative methods and statistics,3.0,7.0,6.0,7.0,7.0,5.0,3.0,5.0,7.0,4.0,3.0,7.0,5.0,7.0,5.0,2.0,5.0,6.0,7.0,7.0,3.0,3.0,4.0,5.0,6.0,7.0,6.0,6.0,7.0,7.0,6.0,7.0,7.0,7.0,7.0,7.0,7.0,7.0,7.0,3.0,3.0,5.0,3.0,5.0,7.0,6.0,7.0,4.0,5.0
5/28/2026 9:49:51,"Yes, primarily",Psychology PhD or equivalent,Social psychology,3.0,5.0,6.0,6.0,3.0,6.0,6.0,6.0,3.0,3.0,3.0,6.0,2.0,4.0,6.0,3.0,3.0,4.0,3.0,3.0,5.0,6.0,5.0,5.0,5.0,5.0,4.0,7.0,6.0,6.0,7.0,5.0,6.0,7.0,5.0,5.0,6.0,6.0,5.0,6.0,4.0,5.0,4.0,6.0,5.0,6.0,6.0,5.0,4.0
5/28/2026 21:04:41,"Yes, partly",Psychology PhD or equivalent,General / multidisciplinary,3.0,3.0,5.0,6.0,6.0,5.0,6.0,3.0,5.0,4.0,5.0,7.0,4.0,3.0,6.0,3.0,4.0,4.0,4.0,4.0,2.0,3.0,4.0,3.0,4.0,7.0,6.0,5.0,5.0,7.0,5.0,5.0,6.0,6.0,6.0,6.0,4.0,4.0,4.0,4.0,4.0,,,5.0,5.0,4.0,7.0,4.0,5.0
5/29/2026 8:19:44,"Yes, primarily",Psychology MA/MSc or equivalent,Educational psychology / pedagogy,7.0,5.0,5.0,6.0,4.0,7.0,5.0,5.0,7.0,7.0,5.0,7.0,7.0,6.0,7.0,1.0,4.0,2.0,4.0,4.0,4.0,7.0,6.0,7.0,7.0,7.0,4.0,6.0,6.0,4.0,7.0,6.0,7.0,7.0,7.0,7.0,7.0,7.0,7.0,6.0,7.0,7.0,7.0,7.0,7.0,7.0,7.0,5.0,7.0
6/1/2026 10:57:04,"Yes, primarily",Psychology PhD or equivalent,Personality / individual differences,4.0,6.0,6.0,5.0,6.0,6.0,7.0,7.0,7.0,5.0,5.0,6.0,6.0,6.0,6.0,6.0,6.0,6.0,5.0,5.0,5.0,5.0,6.0,4.0,4.0,4.0,4.0,6.0,6.0,6.0,7.0,7.0,7.0,7.0,7.0,7.0,7.0,7.0,7.0,7.0,5.0,5.0,4.0,6.0,4.0,7.0,7.0,4.0,4.0
6/1/2026 12:07:51,"Yes, primarily",Psychology PhD or equivalent,Psychometrics / quantitative methods and statistics,5.0,6.0,5.0,4.0,4.0,4.0,6.0,7.0,5.0,7.0,7.0,6.0,7.0,7.0,6.0,2.0,4.0,4.0,5.0,6.0,3.0,7.0,5.0,5.0,6.0,6.0,3.0,5.0,7.0,6.0,5.0,6.0,5.0,3.0,4.0,3.0,3.0,3.0,5.0,5.0,4.0,3.0,4.0,3.0,3.0,3.0,3.0,3.0,4.0
6/1/2026 14:41:13,No,Psychology PhD or equivalent,Engineering Psychology & Occupational Psychology,4.0,4.0,3.0,5.0,4.0,4.0,5.0,6.0,3.0,6.0,6.0,5.0,5.0,5.0,3.0,4.0,2.0,5.0,3.0,3.0,5.0,2.0,4.0,4.0,2.0,2.0,6.0,5.0,4.0,3.0,1.0,4.0,4.0,6.0,6.0,7.0,4.0,4.0,4.0,6.0,4.0,2.0,2.0,6.0,3.0,5.0,3.0,6.0,6.0
6/1/2026 15:03:51,"Yes, primarily",Psychology PhD or equivalent,Social psychology,5.0,5.0,5.0,5.0,5.0,5.0,7.0,7.0,3.0,5.0,5.0,5.0,5.0,5.0,5.0,7.0,7.0,3.0,6.0,6.0,3.0,6.0,6.0,7.0,6.0,6.0,6.0,7.0,7.0,7.0,7.0,7.0,6.0,7.0,7.0,6.0,7.0,7.0,7.0,4.0,4.0,4.0,4.0,7.0,7.0,5.0,5.0,4.0,4.0
6/2/2026 9:22:24,"Yes, primarily",Psychology PhD or equivalent,Cognitive psychology / cognitive science,3.0,5.0,6.0,6.0,6.0,6.0,5.0,7.0,7.0,7.0,7.0,7.0,7.0,7.0,7.0,6.0,6.0,6.0,5.0,5.0,3.0,4.0,5.0,3.0,5.0,5.0,5.0,7.0,7.0,6.0,7.0,7.0,7.0,6.0,6.0,6.0,7.0,7.0,6.0,5.0,5.0,7.0,6.0,5.0,5.0,5.0,4.0,3.0,3.0
6/2/2026 10:16:16,"Yes, partly",Psychology PhD or equivalent,Organizational psychology,3.0,3.0,5.0,5.0,4.0,5.0,3.0,3.0,5.0,5.0,5.0,6.0,4.0,3.0,5.0,3.0,3.0,4.0,6.0,5.0,4.0,3.0,4.0,4.0,4.0,4.0,4.0,6.0,5.0,6.0,6.0,5.0,6.0,5.0,4.0,5.0,6.0,5.0,5.0,5.0,5.0,5.0,5.0,4.0,5.0,6.0,5.0,7.0,6.0
6/2/2026 11:34:03,"Yes, primarily",Psychology MA/MSc or equivalent,General / multidisciplinary,7.0,6.0,5.0,7.0,6.0,5.0,6.0,5.0,7.0,7.0,6.0,5.0,7.0,5.0,5.0,7.0,5.0,6.0,7.0,6.0,7.0,7.0,7.0,5.0,7.0,6.0,6.0,7.0,7.0,5.0,5.0,5.0,3.0,6.0,7.0,7.0,7.0,7.0,6.0,5.0,5.0,2.0,4.0,6.0,3.0,5.0,3.0,7.0,5.0
6/2/2026 16:30:34,"Yes, primarily",Psychology PhD or equivalent,Social psychology,7.0,6.0,7.0,5.0,5.0,7.0,7.0,6.0,5.0,6.0,6.0,7.0,7.0,7.0,7.0,7.0,6.0,4.0,4.0,4.0,4.0,7.0,6.0,7.0,5.0,6.0,7.0,7.0,7.0,7.0,5.0,6.0,7.0,7.0,7.0,7.0,7.0,7.0,7.0,7.0,7.0,7.0,7.0,7.0,7.0,7.0,7.0,7.0,7.0
6/2/2026 18:27:44,"Yes, primarily",Psychology PhD or equivalent,Social psychology,4.0,4.0,3.0,6.0,6.0,6.0,7.0,7.0,1.0,3.0,3.0,6.0,6.0,6.0,7.0,7.0,7.0,1.0,2.0,2.0,1.0,6.0,6.0,6.0,6.0,6.0,5.0,7.0,7.0,7.0,5.0,5.0,5.0,6.0,6.0,5.0,6.0,6.0,7.0,6.0,4.0,5.0,3.0,3.0,3.0,7.0,4.0,5.0,1.0
6/3/2026 23:01:55,"Yes, partly",Psychology PhD or equivalent,Cognitive psychology / cognitive science,4.0,5.0,4.0,6.0,3.0,4.0,3.0,6.0,4.0,5.0,7.0,6.0,5.0,7.0,6.0,5.0,6.0,3.0,,,,4.0,2.0,2.0,7.0,5.0,6.0,4.0,6.0,6.0,5.0,7.0,6.0,4.0,6.0,6.0,5.0,5.0,6.0,2.0,2.0,3.0,3.0,3.0,3.0,,,,
6/4/2026 17:39:49,"Yes, primarily",Psychology PhD or equivalent,Cognitive psychology / cognitive science,2.0,5.0,6.0,1.0,4.0,5.0,2.0,5.0,6.0,1.0,5.0,7.0,1.0,4.0,6.0,2.0,5.0,5.0,1.0,4.0,5.0,1.0,4.0,5.0,1.0,4.0,5.0,1.0,4.0,5.0,2.0,5.0,7.0,3.0,6.0,7.0,3.0,5.0,6.0,5.0,4.0,5.0,5.0,5.0,6.0,6.0,6.0,3.0,4.0
6/4/2026 17:46:24,"Yes, primarily",Psychology MA/MSc or equivalent,Psychometrics / quantitative methods and statistics,3.0,4.0,5.0,2.0,3.0,3.0,2.0,4.0,6.0,3.0,4.0,6.0,4.0,5.0,5.0,1.0,4.0,7.0,3.0,4.0,4.0,2.0,2.0,4.0,6.0,5.0,5.0,4.0,6.0,6.0,2.0,4.0,5.0,3.0,5.0,6.0,3.0,4.0,4.0,3.0,5.0,4.0,3.0,6.0,5.0,5.0,4.0,5.0,4.0
6/4/2026 17:51:19,"Yes, primarily",Psychology PhD or equivalent,Psychometrics / quantitative methods and statistics,2.0,4.0,5.0,2.0,7.0,7.0,4.0,6.0,6.0,2.0,4.0,5.0,2.0,4.0,4.0,1.0,7.0,6.0,3.0,5.0,4.0,4.0,4.0,4.0,4.0,4.0,2.0,4.0,4.0,2.0,6.0,7.0,6.0,4.0,5.0,4.0,1.0,7.0,7.0,2.0,2.0,7.0,6.0,4.0,4.0,7.0,6.0,5.0,5.0
6/4/2026 18:20:04,"Yes, primarily",Psychology PhD or equivalent,General / multidisciplinary,7.0,7.0,6.0,7.0,7.0,7.0,6.0,6.0,6.0,6.0,3.0,6.0,4.0,7.0,6.0,4.0,1.0,5.0,6.0,6.0,2.0,5.0,5.0,6.0,6.0,5.0,7.0,6.0,7.0,4.0,5.0,4.0,6.0,7.0,7.0,7.0,7.0,7.0,7.0,1.0,1.0,7.0,2.0,4.0,3.0,2.0,5.0,1.0,2.0
6/4/2026 18:47:06,"Yes, primarily",Psychology PhD or equivalent,Psychometrics / quantitative methods and statistics,5.0,7.0,7.0,5.0,7.0,7.0,5.0,7.0,7.0,5.0,7.0,7.0,5.0,7.0,7.0,2.0,7.0,4.0,,,,,,,4.0,6.0,7.0,2.0,6.0,7.0,,,,4.0,6.0,7.0,6.0,7.0,4.0,5.0,5.0,5.0,5.0,5.0,5.0,4.0,6.0,5.0,4.0
6/4/2026 20:19:03,"Yes, partly",Psychology PhD or equivalent,Organizational psychology,5.0,5.0,6.0,5.0,5.0,6.0,5.0,5.0,6.0,6.0,6.0,7.0,3.0,3.0,6.0,6.0,6.0,2.0,4.0,4.0,2.0,3.0,3.0,4.0,3.0,3.0,4.0,5.0,5.0,5.0,6.0,6.0,5.0,7.0,7.0,6.0,4.0,4.0,4.0,5.0,4.0,5.0,5.0,2.0,4.0,6.0,5.0,5.0,5.0
6/4/2026 20:50:37,"Yes, primarily",Psychology PhD or equivalent,Cognitive psychology / cognitive science,5.0,7.0,6.0,4.0,6.0,6.0,4.0,7.0,6.0,6.0,7.0,6.0,5.0,6.0,5.0,3.0,6.0,6.0,6.0,6.0,2.0,4.0,5.0,4.0,5.0,7.0,7.0,5.0,5.0,6.0,3.0,4.0,5.0,5.0,7.0,7.0,7.0,7.0,6.0,6.0,4.0,7.0,7.0,5.0,4.0,7.0,6.0,6.0,3.0
6/4/2026 21:00:17,"Yes, primarily",Psychology PhD or equivalent,Cognitive psychology / cognitive science,5.0,7.0,4.0,3.0,5.0,6.0,5.0,7.0,4.0,4.0,6.0,3.0,5.0,6.0,5.0,3.0,6.0,7.0,4.0,4.0,4.0,4.0,4.0,4.0,4.0,4.0,6.0,7.0,7.0,5.0,7.0,7.0,7.0,5.0,5.0,5.0,7.0,7.0,5.0,4.0,4.0,4.0,7.0,5.0,7.0,5.0,6.0,4.0,4.0
6/5/2026 4:05:14,"Yes, primarily",Psychology PhD or equivalent,Cognitive psychology / cognitive science,4.0,6.0,4.0,5.0,6.0,5.0,5.0,7.0,5.0,4.0,5.0,5.0,5.0,6.0,5.0,4.0,7.0,4.0,4.0,4.0,3.0,6.0,5.0,4.0,6.0,4.0,4.0,6.0,7.0,5.0,5.0,6.0,5.0,6.0,6.0,6.0,6.0,7.0,4.0,4.0,3.0,6.0,6.0,5.0,5.0,4.0,3.0,3.0,2.0
6/5/2026 5:15:40,"Yes, primarily",Psychology PhD or equivalent,Cognitive psychology / cognitive science,4.0,4.0,2.0,4.0,4.0,2.0,2.0,5.0,1.0,2.0,4.0,2.0,6.0,6.0,2.0,4.0,6.0,1.0,1.0,1.0,1.0,6.0,6.0,1.0,4.0,4.0,2.0,4.0,4.0,2.0,2.0,2.0,2.0,2.0,2.0,2.0,3.0,3.0,2.0,2.0,2.0,2.0,2.0,2.0,2.0,2.0,2.0,2.0,2.0
6/5/2026 10:28:37,"Yes, primarily",Psychology PhD or equivalent,Cognitive psychology / cognitive science,5.0,6.0,6.0,6.0,7.0,7.0,5.0,6.0,6.0,4.0,5.0,7.0,3.0,4.0,6.0,5.0,7.0,6.0,4.0,4.0,2.0,6.0,6.0,4.0,5.0,4.0,3.0,5.0,5.0,5.0,6.0,7.0,6.0,6.0,7.0,6.0,4.0,6.0,5.0,5.0,5.0,6.0,6.0,6.0,7.0,6.0,7.0,4.0,6.0
6/5/2026 10:45:26,"Yes, partly","Maths PhD, psychology postdocs",Clinical psychology / mental health,5.0,6.0,5.0,5.0,5.0,4.0,6.0,7.0,5.0,6.0,7.0,6.0,6.0,6.0,6.0,5.0,5.0,4.0,2.0,3.0,4.0,6.0,7.0,6.0,7.0,7.0,5.0,3.0,4.0,5.0,5.0,6.0,6.0,4.0,4.0,6.0,5.0,4.0,4.0,4.0,4.0,6.0,6.0,5.0,6.0,5.0,6.0,3.0,3.0
6/5/2026 11:35:06,"Yes, primarily",Psychology PhD or equivalent,Psychometrics / quantitative methods and statistics,3.0,7.0,7.0,2.0,7.0,7.0,2.0,6.0,7.0,5.0,7.0,7.0,4.0,7.0,7.0,2.0,7.0,7.0,3.0,5.0,5.0,4.0,7.0,7.0,3.0,7.0,7.0,3.0,7.0,7.0,3.0,7.0,7.0,4.0,7.0,7.0,5.0,7.0,7.0,7.0,7.0,7.0,7.0,7.0,7.0,7.0,7.0,7.0,5.0
6/5/2026 13:53:51,"Yes, primarily",Psychology PhD or equivalent,Cognitive psychology / cognitive science,4.0,7.0,7.0,3.0,5.0,7.0,3.0,7.0,7.0,5.0,7.0,7.0,5.0,7.0,7.0,3.0,6.0,6.0,3.0,4.0,5.0,5.0,5.0,5.0,4.0,4.0,6.0,6.0,7.0,6.0,7.0,7.0,7.0,7.0,7.0,7.0,6.0,7.0,7.0,6.0,5.0,6.0,6.0,5.0,5.0,7.0,6.0,5.0,5.0
6/5/2026 15:25:37,"Yes, primarily",Psychology PhD or equivalent,Cognitive psychology / cognitive science,3.0,6.0,7.0,3.0,6.0,7.0,3.0,6.0,5.0,6.0,6.0,7.0,5.0,5.0,6.0,2.0,6.0,6.0,4.0,4.0,4.0,6.0,6.0,6.0,4.0,6.0,6.0,7.0,7.0,7.0,6.0,6.0,7.0,6.0,6.0,6.0,4.0,6.0,6.0,4.0,6.0,6.0,6.0,6.0,6.0,6.0,7.0,4.0,4.0
6/5/2026 17:25:10,"Yes, primarily","Degree in another field, but psychology minor/substantial coursework",Cognitive psychology / cognitive science,5.0,6.0,5.0,5.0,6.0,6.0,6.0,7.0,4.0,4.0,4.0,5.0,4.0,4.0,5.0,6.0,7.0,5.0,6.0,7.0,3.0,5.0,5.0,4.0,5.0,6.0,5.0,5.0,5.0,4.0,4.0,4.0,3.0,5.0,5.0,4.0,7.0,7.0,6.0,4.0,4.0,7.0,7.0,7.0,7.0,5.0,6.0,4.0,4.0
6/5/2026 17:46:57,"Yes, primarily",Psychology PhD or equivalent,Cognitive psychology / cognitive science,4.0,7.0,5.0,7.0,7.0,7.0,7.0,7.0,5.0,7.0,7.0,7.0,2.0,7.0,5.0,3.0,7.0,3.0,7.0,7.0,1.0,7.0,7.0,7.0,7.0,7.0,7.0,3.0,7.0,7.0,7.0,7.0,7.0,7.0,7.0,7.0,7.0,7.0,7.0,1.0,2.0,5.0,7.0,6.0,5.0,7.0,7.0,5.0,7.0
6/5/2026 17:56:59,"Yes, primarily",Psychology MA/MSc or equivalent,Psychometrics / quantitative methods and statistics,6.0,7.0,6.0,6.0,5.0,6.0,5.0,6.0,4.0,7.0,7.0,7.0,6.0,7.0,3.0,2.0,5.0,5.0,7.0,7.0,6.0,4.0,4.0,4.0,4.0,6.0,5.0,3.0,4.0,5.0,6.0,6.0,7.0,2.0,6.0,5.0,6.0,7.0,6.0,2.0,3.0,5.0,3.0,3.0,3.0,5.0,3.0,6.0,2.0
6/5/2026 19:26:04,"Yes, primarily",Psychology MA/MSc or equivalent,Cognitive psychology / cognitive science,5.0,6.0,4.0,4.0,4.0,4.0,6.0,7.0,7.0,7.0,7.0,7.0,5.0,6.0,6.0,4.0,6.0,4.0,5.0,5.0,5.0,6.0,6.0,5.0,6.0,6.0,7.0,6.0,6.0,4.0,5.0,6.0,5.0,7.0,7.0,7.0,6.0,7.0,6.0,5.0,4.0,6.0,7.0,4.0,4.0,7.0,7.0,4.0,6.0
6/5/2026 23:04:48,"Yes, primarily",Psychology PhD or equivalent,Cognitive psychology / cognitive science,6.0,6.0,5.0,5.0,5.0,6.0,6.0,6.0,6.0,7.0,7.0,7.0,6.0,6.0,6.0,4.0,6.0,6.0,,,,4.0,4.0,4.0,6.0,6.0,5.0,7.0,7.0,7.0,4.0,4.0,4.0,7.0,7.0,7.0,7.0,7.0,7.0,4.0,4.0,5.0,5.0,6.0,5.0,6.0,7.0,6.0,6.0
6/6/2026 11:02:31,"Yes, primarily",Psychology PhD or equivalent,Cognitive psychology / cognitive science,5.0,7.0,7.0,5.0,7.0,7.0,2.0,7.0,5.0,5.0,7.0,7.0,6.0,7.0,7.0,2.0,7.0,5.0,4.0,4.0,4.0,6.0,7.0,7.0,7.0,7.0,6.0,7.0,7.0,7.0,6.0,7.0,7.0,7.0,7.0,7.0,7.0,7.0,7.0,6.0,7.0,7.0,5.0,2.0,6.0,7.0,6.0,3.0,7.0
6/7/2026 15:26:32,"Yes, primarily",Psychology PhD or equivalent,Social psychology,5.0,7.0,7.0,7.0,7.0,7.0,7.0,7.0,4.0,5.0,5.0,7.0,6.0,6.0,7.0,7.0,6.0,4.0,5.0,5.0,6.0,7.0,7.0,7.0,7.0,7.0,6.0,7.0,7.0,7.0,5.0,6.0,6.0,7.0,7.0,7.0,7.0,7.0,7.0,6.0,6.0,7.0,7.0,6.0,6.0,6.0,6.0,5.0,6.0
6/8/2026 10:06:45,"Yes, partly",Phd in Organizational Behavior but MSc in Psychology,Organizational psychology,6.0,6.0,5.0,6.0,5.0,5.0,7.0,7.0,7.0,5.0,4.0,6.0,6.0,7.0,5.0,4.0,4.0,4.0,7.0,5.0,2.0,5.0,5.0,2.0,6.0,6.0,6.0,7.0,7.0,6.0,7.0,6.0,6.0,6.0,6.0,7.0,6.0,7.0,4.0,5.0,2.0,6.0,6.0,7.0,7.0,6.0,6.0,4.0,3.0
6/8/2026 14:39:40,"Yes, primarily",Psychology MA/MSc or equivalent,Social psychology,5.0,5.0,5.0,4.0,4.0,,5.0,7.0,7.0,6.0,7.0,7.0,6.0,7.0,7.0,5.0,6.0,7.0,4.0,4.0,2.0,7.0,7.0,7.0,7.0,6.0,7.0,,,,6.0,6.0,7.0,7.0,7.0,7.0,7.0,7.0,7.0,5.0,5.0,7.0,,6.0,,7.0,,7.0,
6/9/2026 11:05:44,"Yes, primarily",Psychology PhD or equivalent,"Legal Psychology, specifically Criminal Psychology",7.0,5.0,6.0,7.0,4.0,5.0,7.0,7.0,3.0,5.0,5.0,5.0,7.0,5.0,5.0,7.0,7.0,5.0,7.0,7.0,6.0,7.0,7.0,7.0,7.0,5.0,7.0,5.0,4.0,3.0,7.0,6.0,7.0,7.0,6.0,6.0,7.0,7.0,7.0,6.0,6.0,7.0,7.0,5.0,4.0,7.0,7.0,5.0,7.0
6/9/2026 13:03:29,"Yes, primarily",Psychology PhD or equivalent,Cognitive psychology / cognitive science,4.0,7.0,7.0,5.0,7.0,6.0,6.0,7.0,7.0,5.0,7.0,7.0,3.0,5.0,6.0,4.0,6.0,7.0,6.0,7.0,5.0,6.0,4.0,5.0,6.0,7.0,7.0,6.0,7.0,7.0,6.0,7.0,7.0,4.0,5.0,7.0,7.0,7.0,7.0,7.0,5.0,5.0,5.0,5.0,3.0,7.0,6.0,3.0,3.0
6/9/2026 13:21:46,"Yes, primarily",Psychology PhD or equivalent,Cognitive psychology / cognitive science,5.0,6.0,5.0,2.0,5.0,3.0,2.0,3.0,4.0,6.0,6.0,6.0,5.0,6.0,6.0,7.0,4.0,5.0,5.0,4.0,4.0,7.0,7.0,7.0,5.0,7.0,6.0,4.0,4.0,5.0,6.0,7.0,7.0,3.0,5.0,5.0,6.0,7.0,7.0,6.0,6.0,6.0,6.0,6.0,6.0,6.0,6.0,7.0,3.0
6/9/2026 16:34:57,"Yes, primarily",Psychology PhD or equivalent,Cognitive psychology / cognitive science,,,,,,,7.0,7.0,1.0,,,,4.0,4.0,4.0,1.0,4.0,1.0,,,,4.0,4.0,3.0,4.0,4.0,4.0,4.0,4.0,4.0,,,,1.0,1.0,1.0,,,,1.0,1.0,1.0,1.0,1.0,1.0,1.0,1.0,,
6/9/2026 16:41:46,"Yes, partly",Psychology PhD or equivalent,Clinical psychology / mental health,6.0,6.0,6.0,6.0,6.0,6.0,4.0,5.0,5.0,6.0,7.0,7.0,5.0,7.0,7.0,3.0,4.0,4.0,5.0,5.0,6.0,7.0,7.0,7.0,6.0,6.0,6.0,7.0,7.0,6.0,6.0,7.0,7.0,7.0,7.0,7.0,7.0,7.0,7.0,6.0,7.0,6.0,7.0,5.0,5.0,6.0,6.0,7.0,7.0
6/9/2026 16:43:21,"Yes, primarily",Psychology PhD or equivalent,Social psychology,5.0,5.0,5.0,4.0,4.0,4.0,4.0,4.0,4.0,5.0,5.0,5.0,5.0,5.0,5.0,2.0,2.0,2.0,6.0,6.0,6.0,7.0,7.0,7.0,6.0,6.0,6.0,6.0,6.0,6.0,6.0,6.0,6.0,6.0,6.0,6.0,6.0,6.0,6.0,5.0,5.0,5.0,5.0,4.0,4.0,6.0,6.0,6.0,6.0
6/9/2026 16:48:34,"Yes, primarily",Psychology PhD or equivalent,Clinical psychology / mental health,6.0,5.0,5.0,7.0,6.0,6.0,7.0,6.0,6.0,7.0,6.0,7.0,6.0,5.0,7.0,5.0,5.0,4.0,6.0,6.0,4.0,4.0,4.0,3.0,7.0,7.0,6.0,7.0,7.0,7.0,7.0,7.0,7.0,7.0,7.0,7.0,6.0,6.0,4.0,4.0,4.0,7.0,5.0,4.0,4.0,7.0,3.0,5.0,6.0
6/9/2026 17:02:46,"Yes, primarily",Psychology PhD or equivalent,Biological psychology,5.0,5.0,5.0,6.0,6.0,6.0,3.0,4.0,2.0,4.0,5.0,6.0,3.0,4.0,6.0,2.0,4.0,4.0,,5.0,5.0,5.0,6.0,7.0,4.0,5.0,6.0,5.0,5.0,6.0,5.0,5.0,6.0,6.0,5.0,6.0,6.0,7.0,7.0,6.0,6.0,5.0,6.0,4.0,5.0,5.0,6.0,6.0,6.0
6/9/2026 17:08:28,"Yes, primarily",Psychology MA/MSc or equivalent,Research in both cognitive and neurological development,1.0,1.0,1.0,1.0,1.0,1.0,1.0,1.0,1.0,,7.0,7.0,3.0,3.0,7.0,7.0,7.0,7.0,3.0,3.0,3.0,1.0,1.0,7.0,5.0,5.0,7.0,4.0,4.0,7.0,5.0,5.0,7.0,7.0,7.0,7.0,7.0,7.0,7.0,6.0,7.0,7.0,7.0,7.0,7.0,7.0,7.0,7.0,7.0
6/9/2026 17:21:12,"Yes, partly",Psychology PhD or equivalent,Clinical psychology / mental health,4.0,4.0,3.0,3.0,3.0,3.0,6.0,5.0,3.0,4.0,4.0,4.0,4.0,4.0,3.0,5.0,5.0,4.0,5.0,5.0,3.0,3.0,4.0,3.0,4.0,4.0,4.0,5.0,5.0,4.0,5.0,5.0,4.0,5.0,5.0,5.0,5.0,5.0,3.0,6.0,3.0,5.0,3.0,5.0,4.0,5.0,3.0,5.0,3.0
6/9/2026 20:26:40,"Yes, primarily",Psychology MA/MSc or equivalent,Clinical psychology / mental health,4.0,4.0,6.0,5.0,5.0,5.0,2.0,2.0,6.0,3.0,3.0,6.0,7.0,5.0,7.0,3.0,5.0,5.0,4.0,4.0,4.0,3.0,3.0,4.0,5.0,5.0,6.0,7.0,5.0,6.0,5.0,5.0,5.0,6.0,6.0,7.0,7.0,7.0,4.0,7.0,7.0,5.0,5.0,6.0,6.0,7.0,6.0,5.0,4.0
6/9/2026 20:55:43,No,Psychology PhD or equivalent,Clinical psychology / mental health,7.0,7.0,7.0,6.0,5.0,6.0,7.0,5.0,6.0,7.0,6.0,7.0,6.0,6.0,6.0,7.0,7.0,7.0,7.0,6.0,7.0,5.0,5.0,5.0,6.0,6.0,7.0,6.0,5.0,6.0,7.0,6.0,6.0,7.0,6.0,6.0,7.0,6.0,7.0,5.0,6.0,7.0,6.0,6.0,6.0,6.0,7.0,6.0,5.0
6/9/2026 20:55:44,"Yes, primarily",Psychology MA/MSc or equivalent,Clinical psychology / mental health,5.0,4.0,4.0,3.0,3.0,4.0,3.0,2.0,4.0,3.0,3.0,5.0,5.0,4.0,5.0,2.0,3.0,4.0,5.0,4.0,3.0,4.0,5.0,5.0,4.0,3.0,5.0,4.0,5.0,5.0,3.0,3.0,5.0,6.0,6.0,6.0,3.0,4.0,4.0,5.0,4.0,4.0,5.0,5.0,5.0,7.0,6.0,4.0,5.0
6/9/2026 21:49:35,"Yes, primarily",Psychology PhD or equivalent,Biological psychology,3.0,4.0,3.0,5.0,5.0,5.0,2.0,3.0,1.0,1.0,1.0,1.0,3.0,2.0,2.0,4.0,3.0,4.0,2.0,2.0,2.0,5.0,4.0,3.0,2.0,2.0,2.0,3.0,2.0,2.0,6.0,5.0,6.0,7.0,7.0,7.0,6.0,6.0,7.0,5.0,4.0,7.0,7.0,3.0,2.0,3.0,2.0,6.0,6.0
6/9/2026 22:24:42,"Yes, primarily",Psychology PhD or equivalent,Neuropsychology,5.0,5.0,7.0,6.0,5.0,6.0,6.0,7.0,6.0,5.0,6.0,6.0,4.0,6.0,7.0,2.0,4.0,6.0,2.0,4.0,4.0,6.0,4.0,6.0,6.0,5.0,5.0,3.0,4.0,4.0,4.0,6.0,5.0,6.0,6.0,5.0,6.0,5.0,5.0,4.0,3.0,5.0,4.0,3.0,3.0,6.0,5.0,5.0,5.0
6/10/2026 3:24:04,"Yes, primarily",Psychology MA/MSc or equivalent,Developmental psychology,6.0,7.0,6.0,4.0,5.0,5.0,4.0,4.0,5.0,7.0,7.0,7.0,7.0,7.0,7.0,7.0,7.0,7.0,5.0,4.0,5.0,3.0,3.0,4.0,3.0,3.0,3.0,7.0,7.0,7.0,7.0,7.0,7.0,5.0,5.0,6.0,6.0,6.0,6.0,5.0,4.0,6.0,6.0,6.0,5.0,6.0,5.0,7.0,7.0
6/10/2026 21:15:32,"Yes, primarily",Psychology MA/MSc or equivalent,Clinical psychology / mental health,7.0,6.0,5.0,5.0,5.0,6.0,7.0,7.0,7.0,7.0,7.0,7.0,7.0,7.0,6.0,4.0,3.0,4.0,1.0,4.0,4.0,2.0,2.0,7.0,5.0,5.0,7.0,2.0,5.0,5.0,2.0,3.0,6.0,7.0,7.0,5.0,6.0,6.0,5.0,1.0,1.0,4.0,4.0,3.0,5.0,7.0,7.0,3.0,5.0
6/11/2026 13:49:51,"Yes, primarily",Psychology PhD or equivalent,Cognitive psychology / cognitive science,3.0,,,5.0,,6.0,7.0,7.0,7.0,7.0,,7.0,3.0,,,7.0,7.0,7.0,,,1.0,5.0,,5.0,7.0,,7.0,4.0,,,7.0,,7.0,7.0,,7.0,6.0,6.0,6.0,5.0,4.0,7.0,7.0,6.0,6.0,7.0,7.0,6.0,6.0
6/11/2026 21:40:32,"Yes, primarily",Psychology PhD or equivalent,Organizational psychology,6.0,5.0,6.0,6.0,5.0,6.0,4.0,5.0,5.0,6.0,5.0,6.0,6.0,6.0,5.0,5.0,5.0,6.0,5.0,5.0,6.0,7.0,6.0,7.0,6.0,6.0,6.0,6.0,6.0,6.0,5.0,6.0,6.0,7.0,6.0,7.0,7.0,6.0,6.0,6.0,5.0,6.0,6.0,5.0,6.0,6.0,5.0,7.0,6.0
6/11/2026 21:58:33,"Yes, primarily",Psychology PhD or equivalent,Behavioral medicine,6.0,7.0,6.0,7.0,7.0,6.0,5.0,5.0,7.0,7.0,7.0,6.0,7.0,7.0,7.0,7.0,7.0,4.0,7.0,5.0,6.0,5.0,5.0,5.0,7.0,6.0,6.0,7.0,7.0,7.0,7.0,7.0,7.0,7.0,7.0,7.0,5.0,5.0,5.0,7.0,7.0,7.0,7.0,7.0,7.0,7.0,7.0,5.0,5.0
6/11/2026 23:51:24,"Yes, primarily",Psychology PhD or equivalent,Clinical psychology / mental health,6.0,6.0,4.0,6.0,6.0,5.0,5.0,5.0,4.0,4.0,4.0,4.0,5.0,6.0,5.0,1.0,6.0,6.0,2.0,3.0,1.0,4.0,4.0,4.0,7.0,4.0,4.0,7.0,7.0,7.0,7.0,7.0,7.0,5.0,5.0,5.0,7.0,7.0,7.0,6.0,3.0,6.0,5.0,4.0,4.0,5.0,6.0,4.0,5.0
6/12/2026 0:42:27,"Yes, primarily",Psychology PhD or equivalent,Social psychology,5.0,4.0,3.0,5.0,5.0,3.0,5.0,4.0,2.0,3.0,3.0,3.0,6.0,6.0,6.0,4.0,4.0,2.0,,,,5.0,4.0,4.0,5.0,5.0,3.0,6.0,6.0,3.0,5.0,5.0,2.0,6.0,6.0,2.0,5.0,5.0,4.0,3.0,3.0,3.0,,5.0,4.0,2.0,2.0,2.0,2.0
6/14/2026 15:29:34,No,Psychology PhD or equivalent,Health Psychology,3.0,4.0,4.0,5.0,5.0,6.0,7.0,7.0,1.0,7.0,6.0,6.0,4.0,4.0,5.0,7.0,7.0,2.0,6.0,6.0,1.0,7.0,7.0,7.0,4.0,4.0,5.0,7.0,7.0,7.0,7.0,7.0,7.0,7.0,7.0,7.0,6.0,6.0,7.0,5.0,5.0,6.0,6.0,5.0,5.0,7.0,7.0,4.0,6.0
6/15/2026 6:05:45,"Yes, partly","Degree in another field, but psychology minor/substantial coursework",Clinical Counseling & Supervision,3.0,4.0,5.0,5.0,4.0,5.0,6.0,4.0,5.0,7.0,3.0,5.0,5.0,3.0,5.0,2.0,2.0,3.0,6.0,2.0,5.0,6.0,2.0,2.0,6.0,2.0,2.0,7.0,4.0,4.0,7.0,5.0,6.0,4.0,4.0,5.0,7.0,2.0,6.0,4.0,5.0,5.0,5.0,2.0,3.0,3.0,3.0,6.0,4.0
6/15/2026 7:14:31,"Yes, primarily",Psychology PhD or equivalent,Cognitive psychology / cognitive science,5.0,7.0,6.0,4.0,5.0,4.0,5.0,6.0,6.0,7.0,7.0,7.0,4.0,5.0,5.0,4.0,6.0,3.0,7.0,7.0,3.0,4.0,6.0,5.0,5.0,4.0,4.0,7.0,7.0,6.0,4.0,6.0,6.0,7.0,7.0,7.0,3.0,3.0,2.0,5.0,5.0,5.0,4.0,3.0,3.0,6.0,6.0,2.0,1.0
6/15/2026 7:14:59,"Yes, primarily",Psychology PhD or equivalent,Biological psychology,5.0,5.0,5.0,6.0,5.0,5.0,5.0,6.0,6.0,6.0,5.0,6.0,4.0,4.0,5.0,4.0,6.0,5.0,7.0,6.0,4.0,6.0,4.0,3.0,6.0,6.0,7.0,6.0,7.0,7.0,7.0,6.0,7.0,7.0,7.0,7.0,7.0,7.0,6.0,6.0,7.0,6.0,6.0,6.0,6.0,6.0,6.0,6.0,6.0
6/15/2026 7:18:58,"Yes, primarily",Psychology PhD or equivalent,Cognitive psychology / cognitive science,7.0,7.0,6.0,6.0,7.0,7.0,7.0,7.0,4.0,5.0,5.0,3.0,7.0,7.0,4.0,4.0,1.0,5.0,7.0,7.0,5.0,4.0,4.0,4.0,7.0,7.0,1.0,7.0,7.0,7.0,7.0,7.0,7.0,7.0,7.0,7.0,7.0,7.0,5.0,4.0,3.0,5.0,4.0,5.0,4.0,7.0,5.0,7.0,5.0
6/15/2026 7:25:43,"Yes, primarily",Psychology PhD or equivalent,Clinical psychology / mental health,6.0,5.0,6.0,6.0,5.0,5.0,6.0,5.0,6.0,5.0,5.0,5.0,4.0,4.0,6.0,6.0,5.0,5.0,7.0,6.0,5.0,6.0,5.0,4.0,6.0,6.0,5.0,7.0,6.0,6.0,5.0,5.0,5.0,5.0,5.0,5.0,7.0,7.0,5.0,5.0,5.0,5.0,5.0,5.0,5.0,6.0,5.0,6.0,5.0
6/15/2026 7:55:05,"Yes, primarily",Psychology PhD or equivalent,Psychometrics / quantitative methods and statistics,4.0,7.0,5.0,4.0,7.0,4.0,2.0,7.0,6.0,4.0,6.0,6.0,5.0,7.0,7.0,2.0,5.0,4.0,7.0,7.0,4.0,2.0,3.0,4.0,7.0,7.0,5.0,7.0,7.0,7.0,6.0,6.0,7.0,7.0,7.0,5.0,7.0,7.0,4.0,6.0,5.0,6.0,6.0,7.0,4.0,7.0,7.0,5.0,7.0
6/15/2026 8:02:10,"Yes, primarily",Psychology BA/BSc (major) or equivalent,General / multidisciplinary,6.0,6.0,7.0,6.0,6.0,7.0,6.0,7.0,5.0,6.0,6.0,6.0,4.0,4.0,5.0,4.0,4.0,4.0,6.0,6.0,6.0,6.0,6.0,6.0,5.0,5.0,5.0,5.0,5.0,5.0,6.0,6.0,7.0,6.0,6.0,7.0,7.0,7.0,7.0,6.0,5.0,6.0,6.0,5.0,5.0,5.0,5.0,6.0,6.0
6/15/2026 8:35:06,"Yes, primarily",Psychology PhD or equivalent,Personality / individual differences,5.0,6.0,4.0,5.0,6.0,5.0,3.0,3.0,6.0,2.0,3.0,5.0,5.0,5.0,7.0,3.0,3.0,4.0,2.0,2.0,2.0,4.0,3.0,3.0,5.0,5.0,2.0,3.0,3.0,3.0,5.0,5.0,5.0,4.0,4.0,4.0,5.0,5.0,5.0,5.0,4.0,5.0,5.0,5.0,5.0,4.0,4.0,6.0,6.0
6/15/2026 8:38:44,"Yes, primarily",Psychology PhD or equivalent,Evolutionary Psychology,4.0,7.0,5.0,4.0,7.0,5.0,5.0,7.0,2.0,4.0,7.0,6.0,5.0,7.0,7.0,5.0,7.0,2.0,5.0,7.0,3.0,3.0,5.0,4.0,4.0,5.0,4.0,2.0,7.0,6.0,2.0,6.0,4.0,2.0,6.0,6.0,2.0,6.0,5.0,7.0,2.0,7.0,5.0,6.0,2.0,7.0,5.0,4.0,2.0
6/15/2026 9:05:09,"Yes, primarily",Psychology PhD or equivalent,Social psychology,5.0,6.0,6.0,3.0,3.0,3.0,6.0,6.0,6.0,6.0,6.0,5.0,3.0,2.0,2.0,6.0,6.0,7.0,6.0,5.0,3.0,6.0,5.0,5.0,6.0,6.0,6.0,6.0,6.0,6.0,7.0,7.0,7.0,7.0,7.0,7.0,7.0,6.0,6.0,6.0,6.0,6.0,6.0,6.0,5.0,7.0,6.0,6.0,5.0
6/15/2026 9:46:47,"Yes, primarily",Psychology BA/BSc (major) or equivalent,Cognitive psychology / cognitive science,5.0,6.0,3.0,4.0,6.0,3.0,3.0,4.0,5.0,6.0,6.0,6.0,6.0,7.0,5.0,3.0,4.0,3.0,3.0,3.0,3.0,4.0,4.0,4.0,5.0,5.0,5.0,6.0,6.0,4.0,6.0,6.0,5.0,6.0,6.0,6.0,6.0,6.0,6.0,5.0,4.0,3.0,3.0,5.0,3.0,5.0,3.0,6.0,5.0
6/15/2026 9:56:39,"Yes, primarily",Psychology PhD or equivalent,General / multidisciplinary,6.0,6.0,5.0,4.0,4.0,5.0,5.0,5.0,5.0,4.0,4.0,4.0,4.0,4.0,4.0,4.0,4.0,4.0,5.0,5.0,4.0,4.0,4.0,4.0,5.0,5.0,6.0,6.0,6.0,6.0,5.0,5.0,6.0,6.0,6.0,6.0,5.0,5.0,5.0,5.0,5.0,5.0,5.0,4.0,4.0,3.0,3.0,4.0,4.0
6/15/2026 10:01:29,"Yes, partly","Degree in another field, but psychology minor/substantial coursework",Social psychology,6.0,6.0,6.0,5.0,5.0,5.0,3.0,5.0,7.0,5.0,5.0,6.0,7.0,7.0,7.0,3.0,4.0,5.0,3.0,3.0,6.0,6.0,6.0,6.0,6.0,6.0,7.0,7.0,7.0,7.0,6.0,6.0,7.0,6.0,6.0,6.0,5.0,5.0,5.0,6.0,3.0,6.0,4.0,4.0,6.0,6.0,3.0,4.0,4.0
6/15/2026 10:03:34,"Yes, primarily",Psychology MA/MSc or equivalent,Social psychology,5.0,5.0,3.0,5.0,5.0,5.0,2.0,4.0,5.0,3.0,5.0,6.0,3.0,3.0,5.0,3.0,4.0,4.0,4.0,4.0,4.0,3.0,3.0,2.0,3.0,3.0,3.0,3.0,6.0,6.0,5.0,6.0,7.0,6.0,6.0,7.0,5.0,5.0,4.0,6.0,5.0,6.0,7.0,3.0,5.0,5.0,7.0,5.0,5.0
6/15/2026 10:39:00,"Yes, primarily",Psychology PhD or equivalent,Psychometrics / quantitative methods and statistics,4.0,6.0,6.0,4.0,4.0,7.0,4.0,5.0,7.0,3.0,5.0,6.0,2.0,6.0,7.0,1.0,3.0,5.0,2.0,4.0,6.0,5.0,2.0,4.0,6.0,4.0,2.0,3.0,7.0,6.0,3.0,5.0,6.0,6.0,6.0,6.0,7.0,5.0,7.0,6.0,6.0,6.0,5.0,6.0,4.0,6.0,4.0,6.0,7.0
6/15/2026 10:49:37,"Yes, primarily",Psychology PhD or equivalent,Clinical psychology / mental health,3.0,4.0,5.0,3.0,3.0,5.0,5.0,3.0,5.0,2.0,3.0,6.0,3.0,3.0,5.0,3.0,3.0,5.0,5.0,4.0,5.0,5.0,4.0,5.0,5.0,5.0,5.0,5.0,5.0,5.0,3.0,3.0,3.0,2.0,5.0,5.0,6.0,6.0,6.0,5.0,5.0,5.0,5.0,5.0,5.0,5.0,5.0,5.0,5.0
6/15/2026 11:43:15,"Yes, primarily",Psychology PhD or equivalent,Cognitive psychology / cognitive science,5.0,6.0,6.0,3.0,4.0,4.0,7.0,4.0,4.0,3.0,4.0,4.0,5.0,5.0,5.0,3.0,4.0,4.0,5.0,4.0,4.0,2.0,4.0,4.0,5.0,4.0,4.0,6.0,6.0,6.0,6.0,4.0,4.0,7.0,5.0,6.0,7.0,4.0,4.0,6.0,5.0,4.0,4.0,5.0,,6.0,6.0,5.0,5.0
6/15/2026 12:19:03,"Yes, primarily",Psychology PhD or equivalent,Social psychology,4.0,5.0,6.0,5.0,5.0,6.0,2.0,3.0,6.0,4.0,4.0,6.0,3.0,4.0,6.0,6.0,5.0,5.0,5.0,5.0,6.0,5.0,6.0,6.0,5.0,5.0,5.0,5.0,5.0,6.0,6.0,5.0,6.0,6.0,6.0,6.0,5.0,5.0,6.0,6.0,6.0,6.0,6.0,5.0,5.0,6.0,6.0,6.0,6.0
6/15/2026 12:44:19,"Yes, partly",Psychology MA/MSc or equivalent,Cognitive psychology / cognitive science,5.0,7.0,7.0,4.0,6.0,7.0,3.0,5.0,7.0,3.0,5.0,6.0,2.0,3.0,3.0,1.0,3.0,2.0,5.0,5.0,1.0,3.0,3.0,4.0,2.0,3.0,3.0,5.0,5.0,7.0,2.0,2.0,4.0,7.0,7.0,7.0,7.0,7.0,7.0,5.0,4.0,4.0,4.0,6.0,6.0,3.0,3.0,4.0,1.0
6/15/2026 14:44:56,"Yes, primarily",Psychology PhD or equivalent,Cognitive psychology / cognitive science,4.0,7.0,6.0,4.0,5.0,4.0,5.0,7.0,6.0,3.0,6.0,7.0,5.0,7.0,5.0,4.0,7.0,6.0,6.0,6.0,2.0,5.0,5.0,4.0,3.0,5.0,6.0,6.0,7.0,6.0,3.0,5.0,6.0,3.0,5.0,5.0,6.0,6.0,4.0,7.0,4.0,6.0,3.0,3.0,2.0,3.0,2.0,3.0,2.0
6/15/2026 14:46:32,"Yes, primarily",Psychology MA/MSc or equivalent,Organizational psychology,7.0,6.0,7.0,7.0,5.0,7.0,7.0,6.0,7.0,6.0,6.0,7.0,4.0,4.0,5.0,6.0,6.0,5.0,7.0,7.0,7.0,,,,,,,5.0,5.0,5.0,4.0,4.0,4.0,7.0,7.0,7.0,6.0,6.0,6.0,,,,,6.0,6.0,6.0,6.0,4.0,4.0
6/15/2026 15:11:42,"Yes, primarily",Psychology PhD or equivalent,Social psychology,3.0,3.0,2.0,3.0,2.0,2.0,5.0,4.0,3.0,5.0,5.0,6.0,6.0,6.0,7.0,6.0,5.0,4.0,3.0,3.0,2.0,2.0,3.0,3.0,5.0,5.0,4.0,6.0,7.0,7.0,6.0,6.0,6.0,5.0,6.0,7.0,7.0,7.0,6.0,5.0,3.0,5.0,3.0,5.0,6.0,6.0,7.0,3.0,2.0
6/15/2026 15:39:51,"Yes, primarily",Psychology PhD or equivalent,Cognitive psychology / cognitive science,6.0,7.0,7.0,7.0,7.0,7.0,7.0,7.0,7.0,6.0,6.0,6.0,5.0,6.0,5.0,5.0,7.0,7.0,5.0,7.0,7.0,7.0,7.0,7.0,6.0,6.0,6.0,5.0,5.0,5.0,7.0,7.0,7.0,7.0,7.0,7.0,6.0,6.0,7.0,6.0,5.0,7.0,7.0,6.0,6.0,6.0,7.0,6.0,5.0
6/15/2026 16:21:09,"Yes, partly","Degree in another field, but psychology minor/substantial coursework",Cognitive psychology / cognitive science,7.0,6.0,7.0,7.0,7.0,7.0,7.0,6.0,7.0,5.0,6.0,5.0,6.0,7.0,6.0,6.0,7.0,6.0,2.0,2.0,4.0,2.0,1.0,2.0,5.0,5.0,3.0,5.0,5.0,7.0,5.0,5.0,7.0,6.0,6.0,7.0,7.0,7.0,7.0,3.0,2.0,6.0,6.0,2.0,2.0,7.0,7.0,3.0,2.0
6/15/2026 17:23:08,"Yes, primarily",Psychology PhD or equivalent,Cognitive psychology / cognitive science,5.0,5.0,7.0,6.0,6.0,7.0,4.0,5.0,7.0,4.0,3.0,7.0,5.0,5.0,7.0,3.0,4.0,6.0,4.0,4.0,6.0,6.0,6.0,7.0,7.0,7.0,7.0,7.0,7.0,7.0,5.0,6.0,6.0,7.0,7.0,7.0,5.0,6.0,6.0,5.0,6.0,5.0,6.0,4.0,4.0,5.0,5.0,6.0,5.0
6/15/2026 18:24:13,"Yes, partly",Psychology PhD or equivalent,Clinical psychology / mental health,3.0,5.0,2.0,2.0,3.0,6.0,3.0,4.0,4.0,2.0,3.0,5.0,2.0,2.0,5.0,3.0,4.0,3.0,2.0,2.0,2.0,1.0,2.0,1.0,4.0,4.0,1.0,2.0,2.0,2.0,2.0,2.0,5.0,3.0,4.0,5.0,2.0,3.0,4.0,2.0,2.0,2.0,3.0,2.0,2.0,3.0,3.0,3.0,3.0
6/15/2026 18:55:40,"Yes, primarily",Psychology PhD or equivalent,Psychometrics / quantitative methods and statistics,4.0,4.0,3.0,5.0,5.0,2.0,6.0,6.0,2.0,6.0,6.0,2.0,6.0,6.0,6.0,5.0,2.0,3.0,6.0,6.0,6.0,6.0,7.0,7.0,7.0,7.0,7.0,6.0,6.0,7.0,6.0,6.0,2.0,7.0,7.0,7.0,7.0,7.0,2.0,6.0,7.0,6.0,6.0,5.0,7.0,5.0,6.0,6.0,6.0
6/15/2026 20:19:15,"Yes, primarily",Psychology PhD or equivalent,Social psychology,6.0,6.0,5.0,5.0,5.0,4.0,6.0,4.0,4.0,5.0,5.0,6.0,7.0,7.0,7.0,4.0,4.0,4.0,7.0,7.0,5.0,5.0,5.0,5.0,5.0,5.0,5.0,5.0,5.0,5.0,6.0,6.0,5.0,7.0,7.0,7.0,6.0,6.0,6.0,4.0,3.0,5.0,5.0,7.0,6.0,5.0,4.0,7.0,7.0
6/15/2026 21:24:41,"Yes, primarily",Psychology PhD or equivalent,Counseling psychology,4.0,3.0,5.0,2.0,2.0,6.0,4.0,4.0,5.0,6.0,6.0,6.0,2.0,2.0,7.0,6.0,4.0,7.0,5.0,4.0,3.0,6.0,5.0,6.0,5.0,5.0,7.0,4.0,4.0,7.0,5.0,6.0,7.0,4.0,4.0,4.0,7.0,6.0,6.0,4.0,2.0,3.0,4.0,4.0,6.0,5.0,5.0,6.0,7.0
6/15/2026 22:44:36,"Yes, partly","Degree in another field, but psychology minor/substantial coursework",Cognitive psychology / cognitive science,4.0,4.0,5.0,2.0,3.0,3.0,5.0,6.0,5.0,3.0,4.0,5.0,4.0,5.0,6.0,4.0,5.0,5.0,3.0,4.0,2.0,4.0,4.0,3.0,5.0,5.0,2.0,4.0,5.0,3.0,4.0,4.0,5.0,5.0,6.0,7.0,3.0,4.0,3.0,2.0,2.0,3.0,3.0,2.0,2.0,2.0,2.0,4.0,3.0
6/15/2026 23:16:16,"Yes, partly","Degree in another field, but psychology minor/substantial coursework",Cognitive psychology / cognitive science,5.0,3.0,6.0,5.0,6.0,6.0,4.0,5.0,5.0,5.0,6.0,7.0,7.0,6.0,6.0,3.0,2.0,6.0,4.0,4.0,4.0,7.0,6.0,5.0,5.0,6.0,5.0,6.0,7.0,5.0,5.0,5.0,6.0,6.0,4.0,6.0,7.0,7.0,7.0,5.0,6.0,5.0,6.0,5.0,6.0,7.0,5.0,3.0,5.0
6/16/2026 3:07:53,"Yes, primarily",Psychology MA/MSc or equivalent,Social psychology,5.0,5.0,6.0,4.0,5.0,6.0,6.0,6.0,4.0,3.0,3.0,6.0,7.0,6.0,7.0,6.0,6.0,4.0,6.0,6.0,4.0,3.0,3.0,6.0,2.0,2.0,5.0,6.0,6.0,5.0,4.0,4.0,5.0,6.0,6.0,6.0,6.0,6.0,5.0,5.0,5.0,6.0,6.0,3.0,3.0,3.0,3.0,6.0,6.0
6/16/2026 8:49:38,"Yes, partly",Psychology PhD or equivalent,Social psychology,7.0,6.0,6.0,6.0,7.0,7.0,7.0,7.0,7.0,7.0,7.0,7.0,4.0,4.0,4.0,4.0,4.0,4.0,6.0,7.0,7.0,7.0,7.0,7.0,6.0,5.0,5.0,5.0,5.0,5.0,7.0,7.0,7.0,6.0,6.0,5.0,7.0,7.0,7.0,4.0,4.0,4.0,4.0,6.0,7.0,7.0,7.0,7.0,7.0
6/16/2026 8:58:17,"Yes, primarily",Some psychology courses only (no degree focus),Cognitive psychology / cognitive science,7.0,7.0,7.0,7.0,7.0,7.0,7.0,7.0,7.0,7.0,7.0,7.0,6.0,6.0,7.0,6.0,7.0,5.0,6.0,6.0,7.0,7.0,7.0,7.0,7.0,7.0,7.0,6.0,6.0,6.0,7.0,7.0,7.0,7.0,7.0,7.0,7.0,7.0,7.0,6.0,5.0,6.0,6.0,6.0,6.0,6.0,6.0,7.0,7.0
6/16/2026 12:32:11,"Yes, primarily",Psychology PhD or equivalent,General / multidisciplinary,7.0,7.0,7.0,7.0,7.0,7.0,7.0,7.0,7.0,7.0,7.0,7.0,7.0,7.0,7.0,5.0,5.0,7.0,7.0,7.0,7.0,7.0,7.0,7.0,7.0,7.0,7.0,7.0,7.0,7.0,7.0,7.0,7.0,7.0,7.0,7.0,7.0,7.0,7.0,7.0,7.0,7.0,7.0,7.0,7.0,7.0,7.0,7.0,7.0
6/16/2026 16:30:22,"Yes, primarily",Psychology PhD or equivalent,Social psychology,6.0,6.0,2.0,5.0,5.0,5.0,3.0,4.0,5.0,3.0,3.0,4.0,5.0,5.0,6.0,3.0,5.0,4.0,4.0,4.0,1.0,6.0,4.0,5.0,5.0,4.0,5.0,5.0,5.0,6.0,3.0,5.0,6.0,6.0,6.0,7.0,6.0,6.0,6.0,5.0,5.0,3.0,4.0,5.0,4.0,6.0,6.0,7.0,5.0
6/16/2026 19:17:52,"Yes, primarily",Psychology PhD or equivalent,Psychometrics / quantitative methods and statistics,1.0,6.0,6.0,3.0,7.0,6.0,1.0,3.0,4.0,6.0,4.0,5.0,6.0,3.0,5.0,1.0,3.0,4.0,7.0,5.0,3.0,7.0,6.0,2.0,7.0,5.0,6.0,3.0,4.0,5.0,1.0,3.0,6.0,3.0,4.0,7.0,7.0,6.0,4.0,3.0,4.0,6.0,3.0,2.0,2.0,6.0,7.0,,
6/17/2026 16:41:02,"Yes, primarily",Psychology MA/MSc or equivalent,Cognitive psychology / cognitive science,5.0,6.0,3.0,5.0,7.0,6.0,6.0,7.0,6.0,5.0,7.0,6.0,7.0,7.0,7.0,3.0,6.0,4.0,5.0,6.0,5.0,5.0,6.0,5.0,7.0,7.0,7.0,5.0,7.0,5.0,5.0,7.0,5.0,7.0,7.0,7.0,6.0,7.0,7.0,4.0,4.0,6.0,5.0,6.0,7.0,7.0,7.0,4.0,3.0
6/17/2026 17:15:36,"Yes, primarily",Psychology PhD or equivalent,Cognitive psychology / cognitive science,4.0,2.0,6.0,7.0,6.0,6.0,7.0,6.0,1.0,5.0,5.0,6.0,5.0,6.0,5.0,6.0,7.0,6.0,6.0,7.0,3.0,5.0,6.0,6.0,4.0,7.0,7.0,5.0,5.0,6.0,7.0,7.0,6.0,4.0,6.0,7.0,7.0,7.0,7.0,4.0,4.0,5.0,5.0,4.0,6.0,4.0,6.0,4.0,5.0
6/17/2026 23:05:26,"Yes, partly",Psychology MA/MSc or equivalent,Clinical psychology / mental health,5.0,7.0,4.0,3.0,6.0,7.0,7.0,4.0,7.0,2.0,5.0,7.0,3.0,5.0,4.0,2.0,3.0,5.0,2.0,4.0,2.0,2.0,5.0,7.0,1.0,6.0,5.0,6.0,7.0,7.0,5.0,5.0,7.0,6.0,6.0,6.0,5.0,1.0,2.0,6.0,4.0,7.0,7.0,2.0,6.0,6.0,4.0,6.0,7.0
6/18/2026 8:22:17,"Yes, primarily",Psychology PhD or equivalent,Cognitive psychology / cognitive science,7.0,6.0,4.0,7.0,6.0,5.0,7.0,6.0,5.0,6.0,5.0,6.0,7.0,7.0,6.0,7.0,7.0,3.0,5.0,5.0,2.0,6.0,6.0,6.0,4.0,4.0,4.0,7.0,7.0,6.0,6.0,6.0,6.0,6.0,6.0,6.0,7.0,7.0,6.0,4.0,3.0,6.0,6.0,6.0,6.0,7.0,6.0,5.0,4.0
